"","unique.ID","birds","plot"
"1","137-2013-169",0,"Spring Mill State Park"
"2","137-2011-168",4,"Spring Mill State Park"
"3","137-2011-152",1,"Spring Mill State Park"
"4","137-2014-165",2,"Spring Mill State Park"
"5","137-2012-155",2,"Spring Mill State Park"
"6","137-2014-176",1,"Spring Mill State Park"
"7","137-2012-187",2,"Spring Mill State Park"
"8","137-2012-171",2,"Spring Mill State Park"
"9","137-2013-188",1,"Spring Mill State Park"
"10","137-2011-187",2,"Spring Mill State Park"
"11","137-2014-177",2,"Spring Mill State Park"
"12","137-2014-193",1,"Spring Mill State Park"
"13","137-2013-153",0,"Spring Mill State Park"
"14","138-2011-152",3,"Spring Mill State Park"
"15","138-2012-171",3,"Spring Mill State Park"
"16","138-2013-188",2,"Spring Mill State Park"
"17","138-2014-176",4,"Spring Mill State Park"
"18","138-2014-193",5,"Spring Mill State Park"
"19","138-2012-187",3,"Spring Mill State Park"
"20","138-2012-155",2,"Spring Mill State Park"
"21","138-2013-153",0,"Spring Mill State Park"
"22","138-2014-165",2,"Spring Mill State Park"
"23","138-2014-177",5,"Spring Mill State Park"
"24","138-2011-168",2,"Spring Mill State Park"
"25","138-2013-169",1,"Spring Mill State Park"
"26","138-2011-187",3,"Spring Mill State Park"
"27","139-2014-193",2,"Spring Mill State Park"
"28","139-2012-171",4,"Spring Mill State Park"
"29","139-2012-155",3,"Spring Mill State Park"
"30","139-2014-165",2,"Spring Mill State Park"
"31","139-2014-176",2,"Spring Mill State Park"
"32","139-2014-177",2,"Spring Mill State Park"
"33","139-2011-187",4,"Spring Mill State Park"
"34","139-2013-153",1,"Spring Mill State Park"
"35","139-2011-168",2,"Spring Mill State Park"
"36","139-2012-187",3,"Spring Mill State Park"
"37","139-2013-169",1,"Spring Mill State Park"
"38","139-2013-188",3,"Spring Mill State Park"
"39","139-2011-152",1,"Spring Mill State Park"
"40","140-2014-193",1,"Spring Mill State Park"
"41","140-2011-152",3,"Spring Mill State Park"
"42","140-2014-177",2,"Spring Mill State Park"
"43","140-2014-165",1,"Spring Mill State Park"
"44","140-2013-169",2,"Spring Mill State Park"
"45","140-2012-155",2,"Spring Mill State Park"
"46","140-2012-171",2,"Spring Mill State Park"
"47","140-2011-185",5,"Spring Mill State Park"
"48","140-2011-168",2,"Spring Mill State Park"
"49","140-2012-187",2,"Spring Mill State Park"
"50","140-2013-153",2,"Spring Mill State Park"
"51","140-2013-188",2,"Spring Mill State Park"
"52","140-2014-176",3,"Spring Mill State Park"
"53","141-2011-185",2,"Spring Mill State Park"
"54","141-2012-187",2,"Spring Mill State Park"
"55","141-2014-176",3,"Spring Mill State Park"
"56","141-2013-188",3,"Spring Mill State Park"
"57","141-2014-165",2,"Spring Mill State Park"
"58","141-2013-169",2,"Spring Mill State Park"
"59","141-2014-177",2,"Spring Mill State Park"
"60","141-2011-152",2,"Spring Mill State Park"
"61","141-2012-171",1,"Spring Mill State Park"
"62","141-2012-155",2,"Spring Mill State Park"
"63","141-2014-193",4,"Spring Mill State Park"
"64","141-2013-153",3,"Spring Mill State Park"
"65","141-2011-168",4,"Spring Mill State Park"
"66","142-2014-176",1,"Spring Mill State Park"
"67","142-2011-152",3,"Spring Mill State Park"
"68","142-2012-187",2,"Spring Mill State Park"
"69","142-2012-155",1,"Spring Mill State Park"
"70","142-2012-171",1,"Spring Mill State Park"
"71","142-2013-153",1,"Spring Mill State Park"
"72","142-2011-168",3,"Spring Mill State Park"
"73","142-2011-185",1,"Spring Mill State Park"
"74","142-2014-193",1,"Spring Mill State Park"
"75","142-2014-165",2,"Spring Mill State Park"
"76","142-2013-169",1,"Spring Mill State Park"
"77","142-2014-177",4,"Spring Mill State Park"
"78","142-2013-188",4,"Spring Mill State Park"
"79","143-2011-152",1,"Spring Mill State Park"
"80","143-2013-188",4,"Spring Mill State Park"
"81","143-2012-155",1,"Spring Mill State Park"
"82","143-2014-177",2,"Spring Mill State Park"
"83","143-2012-171",3,"Spring Mill State Park"
"84","143-2013-153",3,"Spring Mill State Park"
"85","143-2011-168",2,"Spring Mill State Park"
"86","143-2012-187",2,"Spring Mill State Park"
"87","143-2014-176",3,"Spring Mill State Park"
"88","143-2011-187",3,"Spring Mill State Park"
"89","143-2013-169",2,"Spring Mill State Park"
"90","143-2014-193",1,"Spring Mill State Park"
"91","143-2014-165",2,"Spring Mill State Park"
"92","144-2014-165",3,"Spring Mill State Park"
"93","144-2013-169",1,"Spring Mill State Park"
"94","144-2011-152",2,"Spring Mill State Park"
"95","144-2012-155",2,"Spring Mill State Park"
"96","144-2012-187",3,"Spring Mill State Park"
"97","144-2011-168",2,"Spring Mill State Park"
"98","144-2011-187",2,"Spring Mill State Park"
"99","144-2014-177",4,"Spring Mill State Park"
"100","144-2012-171",3,"Spring Mill State Park"
"101","144-2014-176",2,"Spring Mill State Park"
"102","144-2013-188",2,"Spring Mill State Park"
"103","144-2013-153",3,"Spring Mill State Park"
"104","144-2014-193",5,"Spring Mill State Park"
"105","145-2012-187",2,"Spring Mill State Park"
"106","145-2013-188",2,"Spring Mill State Park"
"107","145-2011-187",2,"Spring Mill State Park"
"108","145-2014-176",3,"Spring Mill State Park"
"109","145-2013-169",1,"Spring Mill State Park"
"110","145-2011-168",2,"Spring Mill State Park"
"111","145-2014-165",3,"Spring Mill State Park"
"112","145-2014-177",4,"Spring Mill State Park"
"113","145-2014-193",3,"Spring Mill State Park"
"114","145-2012-155",1,"Spring Mill State Park"
"115","145-2013-153",1,"Spring Mill State Park"
"116","145-2012-171",2,"Spring Mill State Park"
"117","145-2011-152",3,"Spring Mill State Park"
"118","146-2011-152",1,"Spring Mill State Park"
"119","146-2013-188",0,"Spring Mill State Park"
"120","146-2012-155",2,"Spring Mill State Park"
"121","146-2013-153",0,"Spring Mill State Park"
"122","146-2014-176",6,"Spring Mill State Park"
"123","146-2014-165",1,"Spring Mill State Park"
"124","146-2013-169",0,"Spring Mill State Park"
"125","146-2011-187",1,"Spring Mill State Park"
"126","146-2012-187",2,"Spring Mill State Park"
"127","146-2011-168",1,"Spring Mill State Park"
"128","146-2014-193",4,"Spring Mill State Park"
"129","146-2012-171",3,"Spring Mill State Park"
"130","146-2014-177",5,"Spring Mill State Park"
"131","147-2014-176",3,"Spring Mill State Park"
"132","147-2012-187",1,"Spring Mill State Park"
"133","147-2012-155",1,"Spring Mill State Park"
"134","147-2011-185",3,"Spring Mill State Park"
"135","147-2013-169",2,"Spring Mill State Park"
"136","147-2014-193",4,"Spring Mill State Park"
"137","147-2014-177",2,"Spring Mill State Park"
"138","147-2011-152",0,"Spring Mill State Park"
"139","147-2012-171",1,"Spring Mill State Park"
"140","147-2014-165",4,"Spring Mill State Park"
"141","147-2013-188",3,"Spring Mill State Park"
"142","147-2011-168",3,"Spring Mill State Park"
"143","147-2013-153",1,"Spring Mill State Park"
"144","148-2014-177",2,"Spring Mill State Park"
"145","148-2014-165",1,"Spring Mill State Park"
"146","148-2012-171",2,"Spring Mill State Park"
"147","148-2011-152",1,"Spring Mill State Park"
"148","148-2013-153",2,"Spring Mill State Park"
"149","148-2013-169",2,"Spring Mill State Park"
"150","148-2012-155",1,"Spring Mill State Park"
"151","148-2013-188",5,"Spring Mill State Park"
"152","148-2014-193",2,"Spring Mill State Park"
"153","148-2011-168",4,"Spring Mill State Park"
"154","148-2012-187",0,"Spring Mill State Park"
"155","148-2011-187",3,"Spring Mill State Park"
"156","148-2014-176",3,"Spring Mill State Park"
"157","149-2012-155",1,"Spring Mill State Park"
"158","149-2011-152",1,"Spring Mill State Park"
"159","149-2014-177",4,"Spring Mill State Park"
"160","149-2011-168",1,"Spring Mill State Park"
"161","149-2014-176",3,"Spring Mill State Park"
"162","149-2014-165",2,"Spring Mill State Park"
"163","149-2013-153",4,"Spring Mill State Park"
"164","149-2012-187",2,"Spring Mill State Park"
"165","149-2011-185",2,"Spring Mill State Park"
"166","149-2013-188",2,"Spring Mill State Park"
"167","149-2014-193",1,"Spring Mill State Park"
"168","149-2013-169",2,"Spring Mill State Park"
"169","149-2012-171",0,"Spring Mill State Park"
"170","150-2014-176",1,"Spring Mill State Park"
"171","150-2014-165",0,"Spring Mill State Park"
"172","150-2013-153",2,"Spring Mill State Park"
"173","150-2013-188",2,"Spring Mill State Park"
"174","150-2012-171",2,"Spring Mill State Park"
"175","150-2012-187",2,"Spring Mill State Park"
"176","150-2011-168",0,"Spring Mill State Park"
"177","150-2011-187",0,"Spring Mill State Park"
"178","150-2014-177",3,"Spring Mill State Park"
"179","150-2012-155",0,"Spring Mill State Park"
"180","150-2014-193",1,"Spring Mill State Park"
"181","150-2013-169",0,"Spring Mill State Park"
"182","150-2011-152",0,"Spring Mill State Park"
"183","151-2013-153",1,"Spring Mill State Park"
"184","151-2014-165",1,"Spring Mill State Park"
"185","151-2014-176",4,"Spring Mill State Park"
"186","151-2014-193",1,"Spring Mill State Park"
"187","151-2012-171",0,"Spring Mill State Park"
"188","151-2011-168",2,"Spring Mill State Park"
"189","151-2014-177",3,"Spring Mill State Park"
"190","151-2013-188",2,"Spring Mill State Park"
"191","151-2013-169",0,"Spring Mill State Park"
"192","151-2012-155",0,"Spring Mill State Park"
"193","151-2011-152",1,"Spring Mill State Park"
"194","151-2011-187",0,"Spring Mill State Park"
"195","151-2012-187",1,"Spring Mill State Park"
"196","165-2012-156",1,"Seed Tick"
"197","165-2011-154",0,"Seed Tick"
"198","165-2012-172",2,"Seed Tick"
"199","165-2011-188",0,"Seed Tick"
"200","165-2014-172",0,"Seed Tick"
"201","165-2013-154",0,"Seed Tick"
"202","165-2012-184",1,"Seed Tick"
"203","165-2014-190",1,"Seed Tick"
"204","165-2013-186",1,"Seed Tick"
"205","165-2013-170",2,"Seed Tick"
"206","165-2011-171",0,"Seed Tick"
"207","165-2014-153",0,"Seed Tick"
"208","165-2014-171",0,"Seed Tick"
"209","166-2011-171",1,"Seed Tick"
"210","166-2012-156",0,"Seed Tick"
"211","166-2011-154",0,"Seed Tick"
"212","166-2014-190",0,"Seed Tick"
"213","166-2014-153",0,"Seed Tick"
"214","166-2012-184",0,"Seed Tick"
"215","166-2012-172",2,"Seed Tick"
"216","166-2011-188",1,"Seed Tick"
"217","166-2013-170",0,"Seed Tick"
"218","166-2013-186",0,"Seed Tick"
"219","166-2013-154",0,"Seed Tick"
"220","166-2014-172",0,"Seed Tick"
"221","166-2014-171",0,"Seed Tick"
"222","167-2012-184",0,"Seed Tick"
"223","167-2012-172",1,"Seed Tick"
"224","167-2014-172",0,"Seed Tick"
"225","167-2013-170",0,"Seed Tick"
"226","167-2014-190",0,"Seed Tick"
"227","167-2014-153",0,"Seed Tick"
"228","167-2011-188",0,"Seed Tick"
"229","167-2012-156",1,"Seed Tick"
"230","167-2013-154",0,"Seed Tick"
"231","167-2011-154",1,"Seed Tick"
"232","167-2014-171",2,"Seed Tick"
"233","167-2011-171",0,"Seed Tick"
"234","167-2013-186",1,"Seed Tick"
"235","168-2013-186",1,"Seed Tick"
"236","168-2012-172",1,"Seed Tick"
"237","168-2013-170",0,"Seed Tick"
"238","168-2014-169",2,"Seed Tick"
"239","168-2011-171",0,"Seed Tick"
"240","168-2014-185",2,"Seed Tick"
"241","168-2012-184",0,"Seed Tick"
"242","168-2014-170",3,"Seed Tick"
"243","168-2013-154",0,"Seed Tick"
"244","168-2014-154",1,"Seed Tick"
"245","168-2011-154",2,"Seed Tick"
"246","168-2011-188",2,"Seed Tick"
"247","168-2012-156",1,"Seed Tick"
"248","169-2012-156",1,"Seed Tick"
"249","169-2011-154",3,"Seed Tick"
"250","169-2014-170",0,"Seed Tick"
"251","169-2014-185",0,"Seed Tick"
"252","169-2011-188",3,"Seed Tick"
"253","169-2011-171",1,"Seed Tick"
"254","169-2014-169",0,"Seed Tick"
"255","169-2013-170",0,"Seed Tick"
"256","169-2013-154",1,"Seed Tick"
"257","169-2013-186",0,"Seed Tick"
"258","169-2012-172",2,"Seed Tick"
"259","169-2014-154",2,"Seed Tick"
"260","169-2012-184",2,"Seed Tick"
"261","170-2012-156",4,"Seed Tick"
"262","170-2011-188",1,"Seed Tick"
"263","170-2014-169",0,"Seed Tick"
"264","170-2013-154",0,"Seed Tick"
"265","170-2013-170",1,"Seed Tick"
"266","170-2011-171",1,"Seed Tick"
"267","170-2011-154",2,"Seed Tick"
"268","170-2013-186",0,"Seed Tick"
"269","170-2012-184",2,"Seed Tick"
"270","170-2014-185",3,"Seed Tick"
"271","170-2012-172",1,"Seed Tick"
"272","170-2014-154",2,"Seed Tick"
"273","170-2014-170",0,"Seed Tick"
"274","171-2014-169",0,"Seed Tick"
"275","171-2011-154",2,"Seed Tick"
"276","171-2011-188",1,"Seed Tick"
"277","171-2014-170",2,"Seed Tick"
"278","171-2014-154",1,"Seed Tick"
"279","171-2012-156",2,"Seed Tick"
"280","171-2013-170",0,"Seed Tick"
"281","171-2011-171",0,"Seed Tick"
"282","171-2014-185",4,"Seed Tick"
"283","171-2012-184",4,"Seed Tick"
"284","171-2013-154",0,"Seed Tick"
"285","171-2013-186",1,"Seed Tick"
"286","171-2012-172",1,"Seed Tick"
"287","172-2013-186",0,"Seed Tick"
"288","172-2013-154",1,"Seed Tick"
"289","172-2012-156",1,"Seed Tick"
"290","172-2011-154",1,"Seed Tick"
"291","172-2014-172",0,"Seed Tick"
"292","172-2014-153",1,"Seed Tick"
"293","172-2012-172",1,"Seed Tick"
"294","172-2014-171",0,"Seed Tick"
"295","172-2012-184",1,"Seed Tick"
"296","172-2014-190",2,"Seed Tick"
"297","172-2011-188",0,"Seed Tick"
"298","172-2013-170",0,"Seed Tick"
"299","172-2011-171",0,"Seed Tick"
"300","173-2014-172",0,"Seed Tick"
"301","173-2013-154",0,"Seed Tick"
"302","173-2014-153",0,"Seed Tick"
"303","173-2011-171",0,"Seed Tick"
"304","173-2014-190",0,"Seed Tick"
"305","173-2012-184",0,"Seed Tick"
"306","173-2013-186",0,"Seed Tick"
"307","173-2013-170",0,"Seed Tick"
"308","173-2014-171",0,"Seed Tick"
"309","173-2012-156",0,"Seed Tick"
"310","173-2011-188",0,"Seed Tick"
"311","173-2012-172",1,"Seed Tick"
"312","173-2011-154",0,"Seed Tick"
"313","174-2011-154",0,"Seed Tick"
"314","174-2012-184",1,"Seed Tick"
"315","174-2013-154",0,"Seed Tick"
"316","174-2013-186",0,"Seed Tick"
"317","174-2011-188",0,"Seed Tick"
"318","174-2014-190",3,"Seed Tick"
"319","174-2013-170",1,"Seed Tick"
"320","174-2012-172",2,"Seed Tick"
"321","174-2014-172",0,"Seed Tick"
"322","174-2012-156",1,"Seed Tick"
"323","174-2014-153",1,"Seed Tick"
"324","174-2014-171",0,"Seed Tick"
"325","174-2011-171",0,"Seed Tick"
"326","175-2013-186",0,"Seed Tick"
"327","175-2014-171",0,"Seed Tick"
"328","175-2014-172",0,"Seed Tick"
"329","175-2013-154",0,"Seed Tick"
"330","175-2011-154",1,"Seed Tick"
"331","175-2013-170",0,"Seed Tick"
"332","175-2012-184",0,"Seed Tick"
"333","175-2012-156",1,"Seed Tick"
"334","175-2012-172",2,"Seed Tick"
"335","175-2011-171",0,"Seed Tick"
"336","175-2014-190",0,"Seed Tick"
"337","175-2014-153",0,"Seed Tick"
"338","175-2011-188",1,"Seed Tick"
"339","176-2014-170",2,"Seed Tick"
"340","176-2013-154",0,"Seed Tick"
"341","176-2014-169",2,"Seed Tick"
"342","176-2014-185",2,"Seed Tick"
"343","176-2014-154",1,"Seed Tick"
"344","176-2011-170",1,"Seed Tick"
"345","176-2012-156",0,"Seed Tick"
"346","176-2011-154",2,"Seed Tick"
"347","176-2012-172",2,"Seed Tick"
"348","176-2012-184",2,"Seed Tick"
"349","176-2013-170",1,"Seed Tick"
"350","176-2011-188",1,"Seed Tick"
"351","176-2013-186",0,"Seed Tick"
"352","177-2014-172",0,"Seed Tick"
"353","177-2013-186",0,"Seed Tick"
"354","177-2013-154",2,"Seed Tick"
"355","177-2014-171",0,"Seed Tick"
"356","177-2011-171",0,"Seed Tick"
"357","177-2012-172",1,"Seed Tick"
"358","177-2011-188",0,"Seed Tick"
"359","177-2013-170",0,"Seed Tick"
"360","177-2014-153",3,"Seed Tick"
"361","177-2012-184",2,"Seed Tick"
"362","177-2011-154",0,"Seed Tick"
"363","177-2014-190",0,"Seed Tick"
"364","177-2012-156",1,"Seed Tick"
"365","178-2013-170",0,"Seed Tick"
"366","178-2013-154",0,"Seed Tick"
"367","178-2013-186",0,"Seed Tick"
"368","178-2011-171",0,"Seed Tick"
"369","178-2014-171",0,"Seed Tick"
"370","178-2012-172",2,"Seed Tick"
"371","178-2011-188",0,"Seed Tick"
"372","178-2014-153",1,"Seed Tick"
"373","178-2014-172",0,"Seed Tick"
"374","178-2014-190",0,"Seed Tick"
"375","178-2011-154",0,"Seed Tick"
"376","178-2012-156",0,"Seed Tick"
"377","178-2012-184",0,"Seed Tick"
"378","179-2014-171",1,"Seed Tick"
"379","179-2014-153",1,"Seed Tick"
"380","179-2011-171",0,"Seed Tick"
"381","179-2012-184",1,"Seed Tick"
"382","179-2013-154",0,"Seed Tick"
"383","179-2014-172",1,"Seed Tick"
"384","179-2012-156",0,"Seed Tick"
"385","179-2011-188",0,"Seed Tick"
"386","179-2014-190",2,"Seed Tick"
"387","179-2013-170",0,"Seed Tick"
"388","179-2011-154",0,"Seed Tick"
"389","179-2012-172",2,"Seed Tick"
"390","179-2013-186",1,"Seed Tick"
"391","194-2012-182",1,"East Bogs"
"392","194-2012-152",1,"East Bogs"
"393","194-2011-187",3,"East Bogs"
"394","194-2011-153",1,"East Bogs"
"395","194-2011-171",3,"East Bogs"
"396","194-2013-154",3,"East Bogs"
"397","194-2014-175",1,"East Bogs"
"398","194-2013-170",2,"East Bogs"
"399","194-2012-168",0,"East Bogs"
"400","194-2014-174",3,"East Bogs"
"401","194-2014-192",2,"East Bogs"
"402","194-2013-186",4,"East Bogs"
"403","194-2014-155",3,"East Bogs"
"404","195-2013-186",2,"East Bogs"
"405","195-2013-170",1,"East Bogs"
"406","195-2011-153",3,"East Bogs"
"407","195-2012-182",0,"East Bogs"
"408","195-2013-154",2,"East Bogs"
"409","195-2014-192",4,"East Bogs"
"410","195-2011-171",1,"East Bogs"
"411","195-2014-155",2,"East Bogs"
"412","195-2014-174",4,"East Bogs"
"413","195-2012-168",0,"East Bogs"
"414","195-2011-187",2,"East Bogs"
"415","195-2014-175",2,"East Bogs"
"416","195-2012-152",1,"East Bogs"
"417","196-2014-192",6,"East Bogs"
"418","196-2014-174",4,"East Bogs"
"419","196-2014-155",3,"East Bogs"
"420","196-2014-175",3,"East Bogs"
"421","196-2012-168",2,"East Bogs"
"422","196-2013-154",3,"East Bogs"
"423","196-2012-152",1,"East Bogs"
"424","196-2011-171",2,"East Bogs"
"425","196-2011-187",2,"East Bogs"
"426","196-2013-170",1,"East Bogs"
"427","196-2012-182",0,"East Bogs"
"428","196-2013-186",3,"East Bogs"
"429","196-2011-153",2,"East Bogs"
"430","197-2012-152",0,"East Bogs"
"431","197-2014-174",4,"East Bogs"
"432","197-2012-168",1,"East Bogs"
"433","197-2013-154",1,"East Bogs"
"434","197-2011-171",2,"East Bogs"
"435","197-2014-192",1,"East Bogs"
"436","197-2014-155",5,"East Bogs"
"437","197-2011-153",0,"East Bogs"
"438","197-2013-186",3,"East Bogs"
"439","197-2012-182",3,"East Bogs"
"440","197-2011-187",1,"East Bogs"
"441","197-2014-175",3,"East Bogs"
"442","197-2013-170",3,"East Bogs"
"443","198-2014-175",4,"East Bogs"
"444","198-2011-171",0,"East Bogs"
"445","198-2013-170",2,"East Bogs"
"446","198-2012-152",0,"East Bogs"
"447","198-2014-174",1,"East Bogs"
"448","198-2013-186",2,"East Bogs"
"449","198-2011-187",1,"East Bogs"
"450","198-2012-168",3,"East Bogs"
"451","198-2014-192",2,"East Bogs"
"452","198-2012-182",2,"East Bogs"
"453","198-2013-154",2,"East Bogs"
"454","198-2014-155",2,"East Bogs"
"455","198-2011-153",1,"East Bogs"
"456","199-2012-168",2,"East Bogs"
"457","199-2013-154",0,"East Bogs"
"458","199-2012-152",1,"East Bogs"
"459","199-2011-153",0,"East Bogs"
"460","199-2013-186",2,"East Bogs"
"461","199-2012-182",1,"East Bogs"
"462","199-2014-174",1,"East Bogs"
"463","199-2014-175",2,"East Bogs"
"464","199-2014-192",3,"East Bogs"
"465","199-2011-187",0,"East Bogs"
"466","199-2013-170",1,"East Bogs"
"467","199-2014-158",2,"East Bogs"
"468","199-2011-171",2,"East Bogs"
"469","200-2011-187",2,"East Bogs"
"470","200-2012-182",2,"East Bogs"
"471","200-2011-153",0,"East Bogs"
"472","200-2011-171",1,"East Bogs"
"473","200-2013-186",2,"East Bogs"
"474","200-2012-168",2,"East Bogs"
"475","200-2014-174",2,"East Bogs"
"476","200-2012-152",1,"East Bogs"
"477","200-2013-154",2,"East Bogs"
"478","200-2013-170",3,"East Bogs"
"479","200-2014-192",0,"East Bogs"
"480","200-2014-175",3,"East Bogs"
"481","200-2014-155",3,"East Bogs"
"482","201-2011-171",1,"East Bogs"
"483","201-2012-182",1,"East Bogs"
"484","201-2013-154",0,"East Bogs"
"485","201-2011-153",2,"East Bogs"
"486","201-2013-170",2,"East Bogs"
"487","201-2011-187",2,"East Bogs"
"488","201-2014-155",2,"East Bogs"
"489","201-2012-152",1,"East Bogs"
"490","201-2014-174",2,"East Bogs"
"491","201-2014-192",3,"East Bogs"
"492","201-2014-175",1,"East Bogs"
"493","201-2013-186",3,"East Bogs"
"494","201-2012-168",1,"East Bogs"
"495","202-2013-186",0,"East Bogs"
"496","202-2013-170",0,"East Bogs"
"497","202-2012-182",0,"East Bogs"
"498","202-2011-153",2,"East Bogs"
"499","202-2013-154",0,"East Bogs"
"500","202-2012-168",1,"East Bogs"
"501","202-2011-170",2,"East Bogs"
"502","202-2014-175",1,"East Bogs"
"503","202-2012-152",0,"East Bogs"
"504","202-2011-187",3,"East Bogs"
"505","202-2014-155",2,"East Bogs"
"506","202-2014-192",3,"East Bogs"
"507","202-2014-174",2,"East Bogs"
"508","203-2013-170",1,"East Bogs"
"509","203-2013-186",2,"East Bogs"
"510","203-2012-182",2,"East Bogs"
"511","203-2014-192",2,"East Bogs"
"512","203-2014-175",2,"East Bogs"
"513","203-2013-154",1,"East Bogs"
"514","203-2011-171",1,"East Bogs"
"515","203-2014-155",4,"East Bogs"
"516","203-2014-174",2,"East Bogs"
"517","203-2012-152",3,"East Bogs"
"518","203-2011-153",1,"East Bogs"
"519","203-2012-168",1,"East Bogs"
"520","203-2011-187",2,"East Bogs"
"521","204-2013-170",1,"East Bogs"
"522","204-2012-168",1,"East Bogs"
"523","204-2014-175",3,"East Bogs"
"524","204-2011-171",1,"East Bogs"
"525","204-2014-192",2,"East Bogs"
"526","204-2013-186",1,"East Bogs"
"527","204-2011-153",1,"East Bogs"
"528","204-2011-187",1,"East Bogs"
"529","204-2014-155",2,"East Bogs"
"530","204-2014-174",0,"East Bogs"
"531","204-2012-152",0,"East Bogs"
"532","204-2013-154",2,"East Bogs"
"533","204-2012-182",1,"East Bogs"
"534","205-2014-174",2,"East Bogs"
"535","205-2012-152",0,"East Bogs"
"536","205-2011-153",2,"East Bogs"
"537","205-2012-182",1,"East Bogs"
"538","205-2013-186",3,"East Bogs"
"539","205-2013-170",0,"East Bogs"
"540","205-2014-155",2,"East Bogs"
"541","205-2014-192",1,"East Bogs"
"542","205-2013-154",0,"East Bogs"
"543","205-2011-171",1,"East Bogs"
"544","205-2011-187",1,"East Bogs"
"545","205-2014-175",2,"East Bogs"
"546","205-2012-168",1,"East Bogs"
"547","206-2013-186",1,"East Bogs"
"548","206-2011-171",0,"East Bogs"
"549","206-2014-174",3,"East Bogs"
"550","206-2012-182",0,"East Bogs"
"551","206-2012-152",0,"East Bogs"
"552","206-2011-187",1,"East Bogs"
"553","206-2011-153",2,"East Bogs"
"554","206-2014-192",4,"East Bogs"
"555","206-2014-175",0,"East Bogs"
"556","206-2014-155",2,"East Bogs"
"557","206-2013-154",0,"East Bogs"
"558","206-2013-170",2,"East Bogs"
"559","206-2012-168",2,"East Bogs"
"560","207-2013-154",1,"East Bogs"
"561","207-2012-152",0,"East Bogs"
"562","207-2014-192",2,"East Bogs"
"563","207-2011-153",2,"East Bogs"
"564","207-2014-155",1,"East Bogs"
"565","207-2011-171",1,"East Bogs"
"566","207-2011-187",1,"East Bogs"
"567","207-2012-182",0,"East Bogs"
"568","207-2013-186",1,"East Bogs"
"569","207-2013-170",0,"East Bogs"
"570","207-2012-168",2,"East Bogs"
"571","207-2014-174",0,"East Bogs"
"572","207-2014-175",0,"East Bogs"
"573","208-2012-152",0,"East Bogs"
"574","208-2013-154",1,"East Bogs"
"575","208-2011-187",2,"East Bogs"
"576","208-2012-182",1,"East Bogs"
"577","208-2014-192",1,"East Bogs"
"578","208-2013-186",0,"East Bogs"
"579","208-2011-171",0,"East Bogs"
"580","208-2013-170",0,"East Bogs"
"581","208-2014-155",0,"East Bogs"
"582","208-2011-153",1,"East Bogs"
"583","208-2014-174",0,"East Bogs"
"584","208-2012-168",1,"East Bogs"
"585","208-2014-175",1,"East Bogs"
"586","209-2011-153",0,"East Bogs"
"587","209-2014-174",0,"East Bogs"
"588","209-2012-152",1,"East Bogs"
"589","209-2013-186",0,"East Bogs"
"590","209-2013-154",1,"East Bogs"
"591","209-2014-175",1,"East Bogs"
"592","209-2011-187",0,"East Bogs"
"593","209-2012-182",0,"East Bogs"
"594","209-2013-170",0,"East Bogs"
"595","209-2011-171",1,"East Bogs"
"596","209-2014-192",1,"East Bogs"
"597","209-2014-155",2,"East Bogs"
"598","209-2012-168",0,"East Bogs"
"599","210-2014-192",4,"East Bogs"
"600","210-2013-154",1,"East Bogs"
"601","210-2013-170",0,"East Bogs"
"602","210-2011-171",0,"East Bogs"
"603","210-2012-168",0,"East Bogs"
"604","210-2012-182",2,"East Bogs"
"605","210-2012-152",0,"East Bogs"
"606","210-2014-175",0,"East Bogs"
"607","210-2014-155",3,"East Bogs"
"608","210-2013-186",0,"East Bogs"
"609","210-2011-153",0,"East Bogs"
"610","210-2011-187",0,"East Bogs"
"611","210-2014-174",2,"East Bogs"
"612","211-2012-152",0,"East Bogs"
"613","211-2011-153",2,"East Bogs"
"614","211-2013-186",1,"East Bogs"
"615","211-2012-182",1,"East Bogs"
"616","211-2014-192",4,"East Bogs"
"617","211-2012-168",1,"East Bogs"
"618","211-2014-175",2,"East Bogs"
"619","211-2011-187",1,"East Bogs"
"620","211-2011-171",0,"East Bogs"
"621","211-2014-174",1,"East Bogs"
"622","211-2013-170",1,"East Bogs"
"623","211-2014-155",3,"East Bogs"
"624","211-2013-154",1,"East Bogs"
"625","212-2011-170",0,"East Bogs"
"626","212-2011-187",1,"East Bogs"
"627","212-2012-182",4,"East Bogs"
"628","212-2014-155",1,"East Bogs"
"629","212-2012-152",1,"East Bogs"
"630","212-2013-170",0,"East Bogs"
"631","212-2012-168",1,"East Bogs"
"632","212-2013-186",0,"East Bogs"
"633","212-2014-192",3,"East Bogs"
"634","212-2014-174",2,"East Bogs"
"635","212-2014-175",1,"East Bogs"
"636","212-2011-153",0,"East Bogs"
"637","212-2013-154",1,"East Bogs"
"638","332-2011-173",3,"First Creek"
"639","332-2014-171",0,"First Creek"
"640","332-2013-182",1,"First Creek"
"641","332-2012-166",0,"First Creek"
"642","332-2014-172",2,"First Creek"
"643","332-2014-153",0,"First Creek"
"644","332-2014-190",2,"First Creek"
"645","332-2013-167",0,"First Creek"
"646","332-2011-191",0,"First Creek"
"647","332-2011-154",1,"First Creek"
"648","332-2012-151",1,"First Creek"
"649","332-2012-181",0,"First Creek"
"650","332-2013-149",0,"First Creek"
"651","333-2011-173",1,"First Creek"
"652","333-2012-166",0,"First Creek"
"653","333-2014-171",2,"First Creek"
"654","333-2014-172",2,"First Creek"
"655","333-2012-151",0,"First Creek"
"656","333-2013-182",1,"First Creek"
"657","333-2014-190",3,"First Creek"
"658","333-2013-167",1,"First Creek"
"659","333-2014-153",0,"First Creek"
"660","333-2013-149",1,"First Creek"
"661","333-2011-191",2,"First Creek"
"662","333-2012-181",1,"First Creek"
"663","333-2011-154",1,"First Creek"
"664","334-2011-173",1,"First Creek"
"665","334-2011-191",2,"First Creek"
"666","334-2012-151",0,"First Creek"
"667","334-2012-166",1,"First Creek"
"668","334-2014-153",0,"First Creek"
"669","334-2012-181",1,"First Creek"
"670","334-2013-182",0,"First Creek"
"671","334-2013-149",1,"First Creek"
"672","334-2011-154",2,"First Creek"
"673","334-2014-172",1,"First Creek"
"674","334-2014-171",1,"First Creek"
"675","334-2014-190",1,"First Creek"
"676","334-2013-167",0,"First Creek"
"677","335-2014-153",0,"First Creek"
"678","335-2011-154",3,"First Creek"
"679","335-2011-191",2,"First Creek"
"680","335-2011-173",4,"First Creek"
"681","335-2012-181",1,"First Creek"
"682","335-2013-167",0,"First Creek"
"683","335-2014-190",2,"First Creek"
"684","335-2012-151",1,"First Creek"
"685","335-2013-182",0,"First Creek"
"686","335-2012-166",2,"First Creek"
"687","335-2013-149",0,"First Creek"
"688","335-2014-171",0,"First Creek"
"689","335-2014-172",1,"First Creek"
"690","336-2011-191",4,"First Creek"
"691","336-2013-167",0,"First Creek"
"692","336-2012-151",2,"First Creek"
"693","336-2012-166",3,"First Creek"
"694","336-2012-181",1,"First Creek"
"695","336-2014-190",4,"First Creek"
"696","336-2013-182",0,"First Creek"
"697","336-2014-171",3,"First Creek"
"698","336-2013-149",0,"First Creek"
"699","336-2011-154",0,"First Creek"
"700","336-2014-172",1,"First Creek"
"701","336-2011-173",3,"First Creek"
"702","336-2014-153",1,"First Creek"
"703","337-2012-151",1,"First Creek"
"704","337-2011-173",0,"First Creek"
"705","337-2014-171",0,"First Creek"
"706","337-2011-191",2,"First Creek"
"707","337-2012-181",2,"First Creek"
"708","337-2013-167",1,"First Creek"
"709","337-2014-153",0,"First Creek"
"710","337-2012-166",1,"First Creek"
"711","337-2014-190",2,"First Creek"
"712","337-2013-149",0,"First Creek"
"713","337-2014-172",2,"First Creek"
"714","337-2013-182",0,"First Creek"
"715","337-2011-154",2,"First Creek"
"716","338-2012-151",2,"First Creek"
"717","338-2013-182",1,"First Creek"
"718","338-2011-173",2,"First Creek"
"719","338-2014-190",4,"First Creek"
"720","338-2014-171",1,"First Creek"
"721","338-2011-191",3,"First Creek"
"722","338-2013-149",0,"First Creek"
"723","338-2014-172",1,"First Creek"
"724","338-2013-167",1,"First Creek"
"725","338-2012-166",1,"First Creek"
"726","338-2012-181",1,"First Creek"
"727","338-2014-153",0,"First Creek"
"728","338-2011-154",2,"First Creek"
"729","357-2014-168",2,"Sulphur Creek"
"730","357-2013-149",2,"Sulphur Creek"
"731","357-2014-158",1,"Sulphur Creek"
"732","357-2012-181",3,"Sulphur Creek"
"733","357-2012-151",1,"Sulphur Creek"
"734","357-2013-182",2,"Sulphur Creek"
"735","357-2014-167",2,"Sulphur Creek"
"736","357-2011-154",3,"Sulphur Creek"
"737","357-2013-166",1,"Sulphur Creek"
"738","357-2011-172",1,"Sulphur Creek"
"739","357-2014-184",4,"Sulphur Creek"
"740","357-2012-166",1,"Sulphur Creek"
"741","357-2011-187",1,"Sulphur Creek"
"742","358-2014-158",3,"Sulphur Creek"
"743","358-2012-181",3,"Sulphur Creek"
"744","358-2014-184",3,"Sulphur Creek"
"745","358-2012-151",0,"Sulphur Creek"
"746","358-2013-149",2,"Sulphur Creek"
"747","358-2011-187",1,"Sulphur Creek"
"748","358-2014-168",3,"Sulphur Creek"
"749","358-2011-154",1,"Sulphur Creek"
"750","358-2013-182",1,"Sulphur Creek"
"751","358-2011-172",1,"Sulphur Creek"
"752","358-2014-167",3,"Sulphur Creek"
"753","358-2012-166",1,"Sulphur Creek"
"754","358-2013-166",0,"Sulphur Creek"
"755","359-2012-151",2,"Sulphur Creek"
"756","359-2013-182",2,"Sulphur Creek"
"757","359-2013-166",1,"Sulphur Creek"
"758","359-2012-166",0,"Sulphur Creek"
"759","359-2014-184",1,"Sulphur Creek"
"760","359-2012-181",1,"Sulphur Creek"
"761","359-2011-154",1,"Sulphur Creek"
"762","359-2014-168",1,"Sulphur Creek"
"763","359-2014-156",1,"Sulphur Creek"
"764","359-2011-172",0,"Sulphur Creek"
"765","359-2014-167",1,"Sulphur Creek"
"766","359-2013-149",0,"Sulphur Creek"
"767","359-2011-187",3,"Sulphur Creek"
"768","360-2011-187",1,"Sulphur Creek"
"769","360-2013-182",2,"Sulphur Creek"
"770","360-2012-151",3,"Sulphur Creek"
"771","360-2011-154",0,"Sulphur Creek"
"772","360-2012-181",2,"Sulphur Creek"
"773","360-2014-167",2,"Sulphur Creek"
"774","360-2011-172",1,"Sulphur Creek"
"775","360-2014-156",2,"Sulphur Creek"
"776","360-2013-149",0,"Sulphur Creek"
"777","360-2012-166",0,"Sulphur Creek"
"778","360-2013-166",0,"Sulphur Creek"
"779","360-2014-168",3,"Sulphur Creek"
"780","360-2014-184",1,"Sulphur Creek"
"781","361-2013-149",1,"Sulphur Creek"
"782","361-2011-154",2,"Sulphur Creek"
"783","361-2014-184",1,"Sulphur Creek"
"784","361-2012-181",2,"Sulphur Creek"
"785","361-2012-151",1,"Sulphur Creek"
"786","361-2011-187",5,"Sulphur Creek"
"787","361-2013-166",2,"Sulphur Creek"
"788","361-2014-168",2,"Sulphur Creek"
"789","361-2014-158",1,"Sulphur Creek"
"790","361-2013-182",1,"Sulphur Creek"
"791","361-2011-172",0,"Sulphur Creek"
"792","361-2014-167",2,"Sulphur Creek"
"793","361-2012-166",1,"Sulphur Creek"
"794","362-2012-151",1,"Sulphur Creek"
"795","362-2011-187",2,"Sulphur Creek"
"796","362-2013-149",0,"Sulphur Creek"
"797","362-2011-154",2,"Sulphur Creek"
"798","362-2014-158",0,"Sulphur Creek"
"799","362-2014-168",1,"Sulphur Creek"
"800","362-2011-172",2,"Sulphur Creek"
"801","362-2014-167",3,"Sulphur Creek"
"802","362-2013-166",2,"Sulphur Creek"
"803","362-2013-182",0,"Sulphur Creek"
"804","362-2014-184",3,"Sulphur Creek"
"805","362-2012-181",3,"Sulphur Creek"
"806","362-2012-166",0,"Sulphur Creek"
"807","363-2011-187",0,"Sulphur Creek"
"808","363-2011-172",1,"Sulphur Creek"
"809","363-2013-182",1,"Sulphur Creek"
"810","363-2012-181",2,"Sulphur Creek"
"811","363-2011-154",1,"Sulphur Creek"
"812","363-2012-166",1,"Sulphur Creek"
"813","363-2014-184",1,"Sulphur Creek"
"814","363-2012-151",0,"Sulphur Creek"
"815","363-2013-166",3,"Sulphur Creek"
"816","363-2013-149",1,"Sulphur Creek"
"817","363-2014-168",4,"Sulphur Creek"
"818","363-2014-167",1,"Sulphur Creek"
"819","363-2014-158",1,"Sulphur Creek"
"820","364-2012-181",1,"Sulphur Creek"
"821","364-2013-182",2,"Sulphur Creek"
"822","364-2011-154",0,"Sulphur Creek"
"823","364-2014-156",1,"Sulphur Creek"
"824","364-2011-187",2,"Sulphur Creek"
"825","364-2011-172",0,"Sulphur Creek"
"826","364-2013-149",2,"Sulphur Creek"
"827","364-2014-167",1,"Sulphur Creek"
"828","364-2013-166",1,"Sulphur Creek"
"829","364-2014-168",3,"Sulphur Creek"
"830","364-2012-166",2,"Sulphur Creek"
"831","364-2014-184",4,"Sulphur Creek"
"832","364-2012-151",1,"Sulphur Creek"
"833","365-2012-181",3,"Sulphur Creek"
"834","365-2013-149",1,"Sulphur Creek"
"835","365-2012-151",2,"Sulphur Creek"
"836","365-2014-167",3,"Sulphur Creek"
"837","365-2011-187",2,"Sulphur Creek"
"838","365-2013-182",2,"Sulphur Creek"
"839","365-2011-154",2,"Sulphur Creek"
"840","365-2014-184",2,"Sulphur Creek"
"841","365-2011-172",1,"Sulphur Creek"
"842","365-2014-168",1,"Sulphur Creek"
"843","365-2013-166",3,"Sulphur Creek"
"844","365-2014-158",2,"Sulphur Creek"
"845","365-2012-166",3,"Sulphur Creek"
"846","366-2014-168",1,"Sulphur Creek"
"847","366-2011-154",0,"Sulphur Creek"
"848","366-2011-172",1,"Sulphur Creek"
"849","366-2013-166",1,"Sulphur Creek"
"850","366-2013-182",0,"Sulphur Creek"
"851","366-2012-181",4,"Sulphur Creek"
"852","366-2014-184",2,"Sulphur Creek"
"853","366-2014-156",1,"Sulphur Creek"
"854","366-2014-167",1,"Sulphur Creek"
"855","366-2011-187",2,"Sulphur Creek"
"856","366-2013-149",0,"Sulphur Creek"
"857","366-2012-151",2,"Sulphur Creek"
"858","366-2012-166",1,"Sulphur Creek"
"859","367-2014-168",2,"Sulphur Creek"
"860","367-2013-182",1,"Sulphur Creek"
"861","367-2011-172",2,"Sulphur Creek"
"862","367-2014-184",3,"Sulphur Creek"
"863","367-2014-167",0,"Sulphur Creek"
"864","367-2014-156",1,"Sulphur Creek"
"865","367-2012-166",1,"Sulphur Creek"
"866","367-2013-166",2,"Sulphur Creek"
"867","367-2011-154",1,"Sulphur Creek"
"868","367-2011-187",3,"Sulphur Creek"
"869","367-2013-149",1,"Sulphur Creek"
"870","367-2012-151",1,"Sulphur Creek"
"871","367-2012-181",1,"Sulphur Creek"
"872","368-2014-184",2,"Sulphur Creek"
"873","368-2014-168",2,"Sulphur Creek"
"874","368-2014-156",0,"Sulphur Creek"
"875","368-2012-166",2,"Sulphur Creek"
"876","368-2014-167",1,"Sulphur Creek"
"877","368-2011-154",2,"Sulphur Creek"
"878","368-2011-172",1,"Sulphur Creek"
"879","368-2011-187",2,"Sulphur Creek"
"880","368-2013-182",0,"Sulphur Creek"
"881","368-2012-151",3,"Sulphur Creek"
"882","368-2013-166",2,"Sulphur Creek"
"883","368-2013-149",3,"Sulphur Creek"
"884","368-2012-181",3,"Sulphur Creek"
"885","374-2014-160",3,"Martin State Forest"
"886","374-2012-152",2,"Martin State Forest"
"887","374-2013-188",3,"Martin State Forest"
"888","374-2014-196",3,"Martin State Forest"
"889","374-2014-179",2,"Martin State Forest"
"890","374-2012-182",4,"Martin State Forest"
"891","374-2013-153",0,"Martin State Forest"
"892","374-2014-177",3,"Martin State Forest"
"893","374-2011-172",2,"Martin State Forest"
"894","374-2011-188",2,"Martin State Forest"
"895","374-2012-170",1,"Martin State Forest"
"896","374-2011-155",2,"Martin State Forest"
"897","374-2013-169",0,"Martin State Forest"
"898","375-2014-160",3,"Martin State Forest"
"899","375-2013-169",2,"Martin State Forest"
"900","375-2012-170",4,"Martin State Forest"
"901","375-2013-188",5,"Martin State Forest"
"902","375-2014-196",6,"Martin State Forest"
"903","375-2012-152",2,"Martin State Forest"
"904","375-2014-177",4,"Martin State Forest"
"905","375-2011-172",3,"Martin State Forest"
"906","375-2014-179",6,"Martin State Forest"
"907","375-2013-153",1,"Martin State Forest"
"908","375-2011-155",2,"Martin State Forest"
"909","375-2012-182",2,"Martin State Forest"
"910","375-2011-188",3,"Martin State Forest"
"911","376-2013-188",3,"Martin State Forest"
"912","376-2012-182",1,"Martin State Forest"
"913","376-2014-179",4,"Martin State Forest"
"914","376-2012-168",1,"Martin State Forest"
"915","376-2014-196",4,"Martin State Forest"
"916","376-2012-152",1,"Martin State Forest"
"917","376-2011-188",1,"Martin State Forest"
"918","376-2011-172",2,"Martin State Forest"
"919","376-2013-169",1,"Martin State Forest"
"920","376-2014-177",3,"Martin State Forest"
"921","376-2014-160",4,"Martin State Forest"
"922","376-2013-153",2,"Martin State Forest"
"923","376-2011-155",2,"Martin State Forest"
"924","377-2012-182",2,"Martin State Forest"
"925","377-2014-196",4,"Martin State Forest"
"926","377-2013-169",1,"Martin State Forest"
"927","377-2014-179",4,"Martin State Forest"
"928","377-2012-168",2,"Martin State Forest"
"929","377-2013-153",3,"Martin State Forest"
"930","377-2011-155",1,"Martin State Forest"
"931","377-2011-188",2,"Martin State Forest"
"932","377-2014-177",5,"Martin State Forest"
"933","377-2014-160",3,"Martin State Forest"
"934","377-2013-188",3,"Martin State Forest"
"935","377-2012-152",1,"Martin State Forest"
"936","377-2011-172",5,"Martin State Forest"
"937","378-2014-179",5,"Martin State Forest"
"938","378-2013-153",3,"Martin State Forest"
"939","378-2013-169",0,"Martin State Forest"
"940","378-2012-152",2,"Martin State Forest"
"941","378-2014-160",3,"Martin State Forest"
"942","378-2011-172",3,"Martin State Forest"
"943","378-2012-182",3,"Martin State Forest"
"944","378-2014-177",5,"Martin State Forest"
"945","378-2011-155",0,"Martin State Forest"
"946","378-2014-196",3,"Martin State Forest"
"947","378-2013-188",3,"Martin State Forest"
"948","378-2012-168",2,"Martin State Forest"
"949","378-2011-188",2,"Martin State Forest"
"950","379-2011-155",1,"Martin State Forest"
"951","379-2013-169",1,"Martin State Forest"
"952","379-2012-182",3,"Martin State Forest"
"953","379-2013-153",1,"Martin State Forest"
"954","379-2011-188",3,"Martin State Forest"
"955","379-2014-179",2,"Martin State Forest"
"956","379-2014-160",4,"Martin State Forest"
"957","379-2014-177",3,"Martin State Forest"
"958","379-2012-168",2,"Martin State Forest"
"959","379-2013-188",1,"Martin State Forest"
"960","379-2012-152",0,"Martin State Forest"
"961","379-2014-196",3,"Martin State Forest"
"962","379-2011-172",3,"Martin State Forest"
"963","380-2012-152",1,"Martin State Forest"
"964","380-2014-179",1,"Martin State Forest"
"965","380-2013-153",1,"Martin State Forest"
"966","380-2011-155",0,"Martin State Forest"
"967","380-2014-160",3,"Martin State Forest"
"968","380-2011-172",2,"Martin State Forest"
"969","380-2013-169",1,"Martin State Forest"
"970","380-2012-182",2,"Martin State Forest"
"971","380-2014-177",1,"Martin State Forest"
"972","380-2013-188",1,"Martin State Forest"
"973","380-2011-188",1,"Martin State Forest"
"974","380-2012-168",3,"Martin State Forest"
"975","380-2014-196",1,"Martin State Forest"
"976","381-2012-152",1,"Martin State Forest"
"977","381-2013-153",1,"Martin State Forest"
"978","381-2014-177",2,"Martin State Forest"
"979","381-2013-169",0,"Martin State Forest"
"980","381-2011-155",2,"Martin State Forest"
"981","381-2013-188",3,"Martin State Forest"
"982","381-2012-168",1,"Martin State Forest"
"983","381-2014-160",2,"Martin State Forest"
"984","381-2011-172",3,"Martin State Forest"
"985","381-2012-182",3,"Martin State Forest"
"986","381-2011-188",2,"Martin State Forest"
"987","381-2014-179",2,"Martin State Forest"
"988","381-2014-196",1,"Martin State Forest"
"989","382-2012-152",0,"Martin State Forest"
"990","382-2014-160",2,"Martin State Forest"
"991","382-2014-179",3,"Martin State Forest"
"992","382-2011-155",1,"Martin State Forest"
"993","382-2014-196",3,"Martin State Forest"
"994","382-2014-177",2,"Martin State Forest"
"995","382-2013-153",1,"Martin State Forest"
"996","382-2012-182",2,"Martin State Forest"
"997","382-2011-188",1,"Martin State Forest"
"998","382-2013-169",1,"Martin State Forest"
"999","382-2011-172",1,"Martin State Forest"
"1000","382-2012-168",2,"Martin State Forest"
"1001","382-2013-188",3,"Martin State Forest"
"1002","383-2013-153",1,"Martin State Forest"
"1003","383-2014-179",3,"Martin State Forest"
"1004","383-2014-196",4,"Martin State Forest"
"1005","383-2013-188",0,"Martin State Forest"
"1006","383-2012-168",2,"Martin State Forest"
"1007","383-2013-169",1,"Martin State Forest"
"1008","383-2012-182",1,"Martin State Forest"
"1009","383-2012-152",1,"Martin State Forest"
"1010","383-2011-172",2,"Martin State Forest"
"1011","383-2011-155",0,"Martin State Forest"
"1012","383-2011-188",2,"Martin State Forest"
"1013","383-2014-160",3,"Martin State Forest"
"1014","383-2014-177",2,"Martin State Forest"
"1015","384-2014-164",4,"McCormick's Creek"
"1016","384-2013-150",0,"McCormick's Creek"
"1017","384-2011-192",3,"McCormick's Creek"
"1018","384-2012-183",2,"McCormick's Creek"
"1019","384-2011-157",3,"McCormick's Creek"
"1020","384-2013-183",5,"McCormick's Creek"
"1021","384-2012-154",2,"McCormick's Creek"
"1022","384-2014-180",5,"McCormick's Creek"
"1023","384-2013-168",4,"McCormick's Creek"
"1024","384-2011-176",2,"McCormick's Creek"
"1025","384-2014-197",7,"McCormick's Creek"
"1026","384-2012-170",2,"McCormick's Creek"
"1027","384-2014-178",7,"McCormick's Creek"
"1028","385-2014-180",3,"McCormick's Creek"
"1029","385-2014-178",3,"McCormick's Creek"
"1030","385-2014-164",3,"McCormick's Creek"
"1031","385-2011-192",3,"McCormick's Creek"
"1032","385-2012-183",3,"McCormick's Creek"
"1033","385-2014-197",6,"McCormick's Creek"
"1034","385-2013-150",0,"McCormick's Creek"
"1035","385-2011-157",2,"McCormick's Creek"
"1036","385-2013-183",3,"McCormick's Creek"
"1037","385-2012-170",4,"McCormick's Creek"
"1038","385-2012-154",2,"McCormick's Creek"
"1039","385-2011-176",2,"McCormick's Creek"
"1040","385-2013-168",4,"McCormick's Creek"
"1041","386-2014-178",3,"McCormick's Creek"
"1042","386-2013-183",7,"McCormick's Creek"
"1043","386-2014-164",2,"McCormick's Creek"
"1044","386-2014-180",3,"McCormick's Creek"
"1045","386-2012-170",5,"McCormick's Creek"
"1046","386-2013-150",1,"McCormick's Creek"
"1047","386-2013-168",5,"McCormick's Creek"
"1048","386-2011-157",4,"McCormick's Creek"
"1049","386-2012-183",3,"McCormick's Creek"
"1050","386-2011-192",5,"McCormick's Creek"
"1051","386-2012-154",1,"McCormick's Creek"
"1052","386-2014-197",4,"McCormick's Creek"
"1053","386-2011-176",2,"McCormick's Creek"
"1054","387-2014-178",3,"McCormick's Creek"
"1055","387-2014-197",4,"McCormick's Creek"
"1056","387-2013-150",0,"McCormick's Creek"
"1057","387-2013-168",4,"McCormick's Creek"
"1058","387-2014-180",4,"McCormick's Creek"
"1059","387-2011-192",5,"McCormick's Creek"
"1060","387-2013-183",6,"McCormick's Creek"
"1061","387-2012-183",3,"McCormick's Creek"
"1062","387-2011-176",3,"McCormick's Creek"
"1063","387-2014-164",4,"McCormick's Creek"
"1064","387-2012-170",3,"McCormick's Creek"
"1065","387-2011-157",4,"McCormick's Creek"
"1066","387-2012-154",3,"McCormick's Creek"
"1067","388-2014-180",3,"McCormick's Creek"
"1068","388-2013-150",3,"McCormick's Creek"
"1069","388-2014-197",7,"McCormick's Creek"
"1070","388-2014-164",3,"McCormick's Creek"
"1071","388-2011-157",5,"McCormick's Creek"
"1072","388-2014-178",4,"McCormick's Creek"
"1073","388-2012-183",3,"McCormick's Creek"
"1074","388-2012-170",4,"McCormick's Creek"
"1075","388-2012-154",4,"McCormick's Creek"
"1076","388-2013-183",5,"McCormick's Creek"
"1077","388-2013-168",5,"McCormick's Creek"
"1078","388-2011-192",4,"McCormick's Creek"
"1079","388-2011-176",3,"McCormick's Creek"
"1080","389-2013-150",4,"McCormick's Creek"
"1081","389-2011-192",6,"McCormick's Creek"
"1082","389-2012-154",4,"McCormick's Creek"
"1083","389-2011-157",5,"McCormick's Creek"
"1084","389-2014-180",6,"McCormick's Creek"
"1085","389-2014-164",7,"McCormick's Creek"
"1086","389-2011-176",3,"McCormick's Creek"
"1087","389-2013-183",5,"McCormick's Creek"
"1088","389-2012-183",3,"McCormick's Creek"
"1089","389-2012-170",4,"McCormick's Creek"
"1090","389-2014-197",5,"McCormick's Creek"
"1091","389-2013-168",4,"McCormick's Creek"
"1092","389-2014-178",6,"McCormick's Creek"
"1093","390-2011-157",5,"McCormick's Creek"
"1094","390-2012-183",4,"McCormick's Creek"
"1095","390-2014-178",6,"McCormick's Creek"
"1096","390-2013-168",5,"McCormick's Creek"
"1097","390-2013-150",3,"McCormick's Creek"
"1098","390-2011-176",4,"McCormick's Creek"
"1099","390-2012-154",3,"McCormick's Creek"
"1100","390-2014-164",4,"McCormick's Creek"
"1101","390-2011-192",2,"McCormick's Creek"
"1102","390-2014-197",4,"McCormick's Creek"
"1103","390-2014-180",4,"McCormick's Creek"
"1104","390-2012-170",4,"McCormick's Creek"
"1105","390-2013-183",4,"McCormick's Creek"
"1106","391-2011-176",4,"McCormick's Creek"
"1107","391-2011-192",4,"McCormick's Creek"
"1108","391-2014-180",4,"McCormick's Creek"
"1109","391-2013-168",3,"McCormick's Creek"
"1110","391-2014-164",3,"McCormick's Creek"
"1111","391-2012-183",4,"McCormick's Creek"
"1112","391-2012-170",4,"McCormick's Creek"
"1113","391-2014-178",3,"McCormick's Creek"
"1114","391-2013-150",2,"McCormick's Creek"
"1115","391-2013-183",5,"McCormick's Creek"
"1116","391-2014-197",3,"McCormick's Creek"
"1117","391-2012-154",2,"McCormick's Creek"
"1118","391-2011-157",3,"McCormick's Creek"
"1119","392-2014-180",5,"McCormick's Creek"
"1120","392-2014-178",3,"McCormick's Creek"
"1121","392-2013-168",3,"McCormick's Creek"
"1122","392-2014-197",5,"McCormick's Creek"
"1123","392-2012-183",5,"McCormick's Creek"
"1124","392-2014-164",5,"McCormick's Creek"
"1125","392-2012-154",4,"McCormick's Creek"
"1126","392-2011-176",5,"McCormick's Creek"
"1127","392-2011-157",2,"McCormick's Creek"
"1128","392-2013-183",4,"McCormick's Creek"
"1129","392-2013-150",1,"McCormick's Creek"
"1130","392-2011-192",3,"McCormick's Creek"
"1131","392-2012-170",4,"McCormick's Creek"
"1132","393-2011-192",5,"McCormick's Creek"
"1133","393-2012-183",3,"McCormick's Creek"
"1134","393-2014-180",5,"McCormick's Creek"
"1135","393-2012-154",3,"McCormick's Creek"
"1136","393-2014-164",4,"McCormick's Creek"
"1137","393-2012-170",6,"McCormick's Creek"
"1138","393-2014-197",4,"McCormick's Creek"
"1139","393-2011-176",5,"McCormick's Creek"
"1140","393-2014-178",5,"McCormick's Creek"
"1141","393-2013-168",4,"McCormick's Creek"
"1142","393-2013-150",1,"McCormick's Creek"
"1143","393-2011-157",4,"McCormick's Creek"
"1144","393-2013-183",5,"McCormick's Creek"
"1145","394-2013-183",3,"McCormick's Creek"
"1146","394-2011-157",1,"McCormick's Creek"
"1147","394-2014-197",5,"McCormick's Creek"
"1148","394-2013-168",3,"McCormick's Creek"
"1149","394-2014-178",5,"McCormick's Creek"
"1150","394-2014-180",6,"McCormick's Creek"
"1151","394-2014-164",4,"McCormick's Creek"
"1152","394-2011-192",4,"McCormick's Creek"
"1153","394-2012-154",2,"McCormick's Creek"
"1154","394-2012-170",3,"McCormick's Creek"
"1155","394-2012-183",2,"McCormick's Creek"
"1156","394-2013-150",2,"McCormick's Creek"
"1157","394-2011-176",2,"McCormick's Creek"
"1158","395-2013-183",4,"McCormick's Creek"
"1159","395-2014-197",6,"McCormick's Creek"
"1160","395-2014-164",2,"McCormick's Creek"
"1161","395-2014-178",4,"McCormick's Creek"
"1162","395-2011-192",2,"McCormick's Creek"
"1163","395-2011-157",3,"McCormick's Creek"
"1164","395-2013-150",4,"McCormick's Creek"
"1165","395-2012-183",0,"McCormick's Creek"
"1166","395-2012-154",2,"McCormick's Creek"
"1167","395-2012-170",2,"McCormick's Creek"
"1168","395-2014-180",5,"McCormick's Creek"
"1169","395-2011-176",2,"McCormick's Creek"
"1170","395-2013-168",4,"McCormick's Creek"
"1171","401-2012-170",2,"Owen-Putnam State Forest"
"1172","401-2014-176",1,"Owen-Putnam State Forest"
"1173","401-2013-168",4,"Owen-Putnam State Forest"
"1174","401-2013-183",2,"Owen-Putnam State Forest"
"1175","401-2013-150",0,"Owen-Putnam State Forest"
"1176","401-2011-192",3,"Owen-Putnam State Forest"
"1177","401-2011-157",4,"Owen-Putnam State Forest"
"1178","401-2011-176",3,"Owen-Putnam State Forest"
"1179","401-2014-194",3,"Owen-Putnam State Forest"
"1180","401-2014-163",3,"Owen-Putnam State Forest"
"1181","401-2012-183",2,"Owen-Putnam State Forest"
"1182","401-2012-154",1,"Owen-Putnam State Forest"
"1183","401-2014-178",3,"Owen-Putnam State Forest"
"1184","402-2014-176",2,"Owen-Putnam State Forest"
"1185","402-2014-162",3,"Owen-Putnam State Forest"
"1186","402-2011-157",4,"Owen-Putnam State Forest"
"1187","402-2014-178",4,"Owen-Putnam State Forest"
"1188","402-2013-150",0,"Owen-Putnam State Forest"
"1189","402-2012-154",3,"Owen-Putnam State Forest"
"1190","402-2011-192",4,"Owen-Putnam State Forest"
"1191","402-2014-194",3,"Owen-Putnam State Forest"
"1192","402-2013-168",3,"Owen-Putnam State Forest"
"1193","402-2013-183",4,"Owen-Putnam State Forest"
"1194","402-2011-176",3,"Owen-Putnam State Forest"
"1195","402-2012-183",2,"Owen-Putnam State Forest"
"1196","402-2012-170",2,"Owen-Putnam State Forest"
"1197","403-2013-183",1,"Owen-Putnam State Forest"
"1198","403-2012-154",2,"Owen-Putnam State Forest"
"1199","403-2014-194",1,"Owen-Putnam State Forest"
"1200","403-2014-162",2,"Owen-Putnam State Forest"
"1201","403-2013-150",1,"Owen-Putnam State Forest"
"1202","403-2014-178",3,"Owen-Putnam State Forest"
"1203","403-2011-192",1,"Owen-Putnam State Forest"
"1204","403-2013-168",2,"Owen-Putnam State Forest"
"1205","403-2012-170",2,"Owen-Putnam State Forest"
"1206","403-2011-157",2,"Owen-Putnam State Forest"
"1207","403-2011-176",2,"Owen-Putnam State Forest"
"1208","403-2014-176",1,"Owen-Putnam State Forest"
"1209","403-2012-183",2,"Owen-Putnam State Forest"
"1210","404-2012-154",4,"Owen-Putnam State Forest"
"1211","404-2014-194",5,"Owen-Putnam State Forest"
"1212","404-2014-178",3,"Owen-Putnam State Forest"
"1213","404-2013-183",3,"Owen-Putnam State Forest"
"1214","404-2014-163",3,"Owen-Putnam State Forest"
"1215","404-2011-157",3,"Owen-Putnam State Forest"
"1216","404-2014-176",4,"Owen-Putnam State Forest"
"1217","404-2012-183",4,"Owen-Putnam State Forest"
"1218","404-2013-150",0,"Owen-Putnam State Forest"
"1219","404-2012-170",2,"Owen-Putnam State Forest"
"1220","404-2011-176",3,"Owen-Putnam State Forest"
"1221","404-2013-168",2,"Owen-Putnam State Forest"
"1222","404-2011-192",2,"Owen-Putnam State Forest"
"1223","405-2014-163",4,"Owen-Putnam State Forest"
"1224","405-2012-154",4,"Owen-Putnam State Forest"
"1225","405-2011-157",2,"Owen-Putnam State Forest"
"1226","405-2012-183",3,"Owen-Putnam State Forest"
"1227","405-2014-194",5,"Owen-Putnam State Forest"
"1228","405-2013-183",2,"Owen-Putnam State Forest"
"1229","405-2014-176",2,"Owen-Putnam State Forest"
"1230","405-2011-176",3,"Owen-Putnam State Forest"
"1231","405-2013-150",1,"Owen-Putnam State Forest"
"1232","405-2011-192",5,"Owen-Putnam State Forest"
"1233","405-2012-170",3,"Owen-Putnam State Forest"
"1234","405-2013-168",3,"Owen-Putnam State Forest"
"1235","405-2014-178",3,"Owen-Putnam State Forest"
"1236","406-2014-178",3,"Owen-Putnam State Forest"
"1237","406-2014-163",1,"Owen-Putnam State Forest"
"1238","406-2014-194",3,"Owen-Putnam State Forest"
"1239","406-2011-176",4,"Owen-Putnam State Forest"
"1240","406-2012-183",2,"Owen-Putnam State Forest"
"1241","406-2012-154",3,"Owen-Putnam State Forest"
"1242","406-2011-157",1,"Owen-Putnam State Forest"
"1243","406-2013-168",2,"Owen-Putnam State Forest"
"1244","406-2012-170",3,"Owen-Putnam State Forest"
"1245","406-2013-150",2,"Owen-Putnam State Forest"
"1246","406-2014-176",4,"Owen-Putnam State Forest"
"1247","406-2013-183",2,"Owen-Putnam State Forest"
"1248","406-2011-192",1,"Owen-Putnam State Forest"
"1249","407-2012-154",2,"Owen-Putnam State Forest"
"1250","407-2013-183",0,"Owen-Putnam State Forest"
"1251","407-2014-163",2,"Owen-Putnam State Forest"
"1252","407-2013-150",3,"Owen-Putnam State Forest"
"1253","407-2014-178",2,"Owen-Putnam State Forest"
"1254","407-2014-176",3,"Owen-Putnam State Forest"
"1255","407-2011-176",2,"Owen-Putnam State Forest"
"1256","407-2012-170",3,"Owen-Putnam State Forest"
"1257","407-2011-157",3,"Owen-Putnam State Forest"
"1258","407-2011-192",3,"Owen-Putnam State Forest"
"1259","407-2012-183",3,"Owen-Putnam State Forest"
"1260","407-2013-168",4,"Owen-Putnam State Forest"
"1261","407-2014-194",4,"Owen-Putnam State Forest"
"1262","408-2011-192",4,"Owen-Putnam State Forest"
"1263","408-2012-154",3,"Owen-Putnam State Forest"
"1264","408-2013-183",2,"Owen-Putnam State Forest"
"1265","408-2014-194",5,"Owen-Putnam State Forest"
"1266","408-2014-178",3,"Owen-Putnam State Forest"
"1267","408-2014-162",3,"Owen-Putnam State Forest"
"1268","408-2012-183",2,"Owen-Putnam State Forest"
"1269","408-2011-157",2,"Owen-Putnam State Forest"
"1270","408-2011-176",2,"Owen-Putnam State Forest"
"1271","408-2013-168",4,"Owen-Putnam State Forest"
"1272","408-2013-150",1,"Owen-Putnam State Forest"
"1273","408-2012-170",0,"Owen-Putnam State Forest"
"1274","408-2014-176",2,"Owen-Putnam State Forest"
"1275","409-2014-176",3,"Owen-Putnam State Forest"
"1276","409-2013-183",0,"Owen-Putnam State Forest"
"1277","409-2014-194",4,"Owen-Putnam State Forest"
"1278","409-2011-157",2,"Owen-Putnam State Forest"
"1279","409-2013-150",1,"Owen-Putnam State Forest"
"1280","409-2014-162",2,"Owen-Putnam State Forest"
"1281","409-2014-178",4,"Owen-Putnam State Forest"
"1282","409-2012-183",1,"Owen-Putnam State Forest"
"1283","409-2011-192",2,"Owen-Putnam State Forest"
"1284","409-2013-168",3,"Owen-Putnam State Forest"
"1285","409-2011-176",3,"Owen-Putnam State Forest"
"1286","409-2012-154",2,"Owen-Putnam State Forest"
"1287","409-2012-170",1,"Owen-Putnam State Forest"
"1288","410-2011-176",3,"Owen-Putnam State Forest"
"1289","410-2012-154",1,"Owen-Putnam State Forest"
"1290","410-2012-183",2,"Owen-Putnam State Forest"
"1291","410-2014-194",5,"Owen-Putnam State Forest"
"1292","410-2011-192",0,"Owen-Putnam State Forest"
"1293","410-2011-157",2,"Owen-Putnam State Forest"
"1294","410-2013-183",2,"Owen-Putnam State Forest"
"1295","410-2013-150",1,"Owen-Putnam State Forest"
"1296","410-2014-178",4,"Owen-Putnam State Forest"
"1297","410-2012-170",0,"Owen-Putnam State Forest"
"1298","410-2014-176",3,"Owen-Putnam State Forest"
"1299","410-2014-162",1,"Owen-Putnam State Forest"
"1300","410-2013-168",2,"Owen-Putnam State Forest"
"1301","411-2014-178",3,"Owen-Putnam State Forest"
"1302","411-2013-168",1,"Owen-Putnam State Forest"
"1303","411-2011-157",1,"Owen-Putnam State Forest"
"1304","411-2012-183",2,"Owen-Putnam State Forest"
"1305","411-2011-176",2,"Owen-Putnam State Forest"
"1306","411-2012-154",2,"Owen-Putnam State Forest"
"1307","411-2014-162",2,"Owen-Putnam State Forest"
"1308","411-2011-192",0,"Owen-Putnam State Forest"
"1309","411-2012-170",1,"Owen-Putnam State Forest"
"1310","411-2013-183",2,"Owen-Putnam State Forest"
"1311","411-2014-194",5,"Owen-Putnam State Forest"
"1312","411-2014-176",2,"Owen-Putnam State Forest"
"1313","411-2013-150",1,"Owen-Putnam State Forest"
"1314","412-2014-176",3,"Owen-Putnam State Forest"
"1315","412-2013-150",1,"Owen-Putnam State Forest"
"1316","412-2011-192",2,"Owen-Putnam State Forest"
"1317","412-2012-170",3,"Owen-Putnam State Forest"
"1318","412-2012-154",4,"Owen-Putnam State Forest"
"1319","412-2014-178",3,"Owen-Putnam State Forest"
"1320","412-2014-194",4,"Owen-Putnam State Forest"
"1321","412-2012-183",2,"Owen-Putnam State Forest"
"1322","412-2011-176",3,"Owen-Putnam State Forest"
"1323","412-2013-168",4,"Owen-Putnam State Forest"
"1324","412-2014-162",4,"Owen-Putnam State Forest"
"1325","412-2011-157",1,"Owen-Putnam State Forest"
"1326","412-2013-183",4,"Owen-Putnam State Forest"
"1327","416-2013-188",1,"Martin State Forest"
"1328","416-2012-170",0,"Martin State Forest"
"1329","416-2011-155",1,"Martin State Forest"
"1330","416-2013-169",1,"Martin State Forest"
"1331","416-2014-160",1,"Martin State Forest"
"1332","416-2011-188",1,"Martin State Forest"
"1333","416-2014-196",1,"Martin State Forest"
"1334","416-2012-152",0,"Martin State Forest"
"1335","416-2011-172",0,"Martin State Forest"
"1336","416-2012-182",1,"Martin State Forest"
"1337","416-2013-153",0,"Martin State Forest"
"1338","416-2014-179",1,"Martin State Forest"
"1339","416-2014-177",1,"Martin State Forest"
"1340","417-2013-188",2,"Martin State Forest"
"1341","417-2014-179",3,"Martin State Forest"
"1342","417-2013-153",0,"Martin State Forest"
"1343","417-2012-182",1,"Martin State Forest"
"1344","417-2011-188",1,"Martin State Forest"
"1345","417-2014-177",4,"Martin State Forest"
"1346","417-2012-152",1,"Martin State Forest"
"1347","417-2012-170",0,"Martin State Forest"
"1348","417-2014-160",3,"Martin State Forest"
"1349","417-2011-172",1,"Martin State Forest"
"1350","417-2013-169",0,"Martin State Forest"
"1351","417-2014-196",3,"Martin State Forest"
"1352","417-2011-155",0,"Martin State Forest"
"1353","418-2014-190",1,"First Creek"
"1354","418-2011-173",0,"First Creek"
"1355","418-2013-182",0,"First Creek"
"1356","418-2013-167",1,"First Creek"
"1357","418-2011-154",1,"First Creek"
"1358","418-2014-172",1,"First Creek"
"1359","418-2012-181",1,"First Creek"
"1360","418-2014-171",1,"First Creek"
"1361","418-2014-153",0,"First Creek"
"1362","418-2013-149",0,"First Creek"
"1363","418-2012-151",0,"First Creek"
"1364","418-2011-191",1,"First Creek"
"1365","418-2012-166",1,"First Creek"
"1366","594-2012-181",6,"Area 58"
"1367","594-2014-190",4,"Area 58"
"1368","594-2011-168",2,"Area 58"
"1369","594-2013-169",1,"Area 58"
"1370","594-2014-156",4,"Area 58"
"1371","594-2014-173",3,"Area 58"
"1372","594-2011-157",3,"Area 58"
"1373","594-2012-170",3,"Area 58"
"1374","594-2011-193",5,"Area 58"
"1375","594-2014-175",2,"Area 58"
"1376","594-2013-183",3,"Area 58"
"1377","594-2012-154",3,"Area 58"
"1378","594-2013-150",5,"Area 58"
"1379","595-2011-157",1,"Area 58"
"1380","595-2014-156",3,"Area 58"
"1381","595-2012-181",3,"Area 58"
"1382","595-2012-154",3,"Area 58"
"1383","595-2013-183",2,"Area 58"
"1384","595-2014-175",3,"Area 58"
"1385","595-2012-170",1,"Area 58"
"1386","595-2014-190",4,"Area 58"
"1387","595-2011-193",1,"Area 58"
"1388","595-2013-150",4,"Area 58"
"1389","595-2013-169",3,"Area 58"
"1390","595-2014-173",4,"Area 58"
"1391","595-2011-168",2,"Area 58"
"1392","596-2012-181",4,"Area 58"
"1393","596-2011-168",1,"Area 58"
"1394","596-2013-150",1,"Area 58"
"1395","596-2013-183",2,"Area 58"
"1396","596-2012-154",0,"Area 58"
"1397","596-2014-173",3,"Area 58"
"1398","596-2012-170",3,"Area 58"
"1399","596-2011-157",3,"Area 58"
"1400","596-2014-175",3,"Area 58"
"1401","596-2014-190",2,"Area 58"
"1402","596-2014-156",1,"Area 58"
"1403","596-2011-193",1,"Area 58"
"1404","596-2013-169",2,"Area 58"
"1405","597-2014-173",3,"Area 58"
"1406","597-2013-169",2,"Area 58"
"1407","597-2012-154",1,"Area 58"
"1408","597-2013-183",0,"Area 58"
"1409","597-2012-181",3,"Area 58"
"1410","597-2011-168",0,"Area 58"
"1411","597-2011-193",0,"Area 58"
"1412","597-2014-190",1,"Area 58"
"1413","597-2013-150",2,"Area 58"
"1414","597-2011-157",3,"Area 58"
"1415","597-2014-175",2,"Area 58"
"1416","597-2014-156",0,"Area 58"
"1417","597-2012-170",1,"Area 58"
"1418","598-2012-170",1,"Area 58"
"1419","598-2014-156",3,"Area 58"
"1420","598-2012-154",1,"Area 58"
"1421","598-2013-169",2,"Area 58"
"1422","598-2011-157",4,"Area 58"
"1423","598-2011-168",3,"Area 58"
"1424","598-2011-193",2,"Area 58"
"1425","598-2013-150",3,"Area 58"
"1426","598-2012-181",3,"Area 58"
"1427","598-2014-175",2,"Area 58"
"1428","598-2014-190",3,"Area 58"
"1429","598-2013-183",2,"Area 58"
"1430","598-2014-173",3,"Area 58"
"1431","599-2011-168",2,"Area 58"
"1432","599-2013-169",3,"Area 58"
"1433","599-2012-181",4,"Area 58"
"1434","599-2012-154",1,"Area 58"
"1435","599-2014-190",2,"Area 58"
"1436","599-2011-193",0,"Area 58"
"1437","599-2012-170",2,"Area 58"
"1438","599-2013-150",2,"Area 58"
"1439","599-2011-157",1,"Area 58"
"1440","599-2014-175",1,"Area 58"
"1441","599-2014-156",1,"Area 58"
"1442","599-2014-173",1,"Area 58"
"1443","599-2013-153",1,"Area 58"
"1444","600-2014-170",4,"Area 7"
"1445","600-2011-150",2,"Area 7"
"1446","600-2013-182",3,"Area 7"
"1447","600-2014-153",4,"Area 7"
"1448","600-2014-185",2,"Area 7"
"1449","600-2012-184",4,"Area 7"
"1450","600-2013-168",3,"Area 7"
"1451","600-2011-164",1,"Area 7"
"1452","600-2012-152",3,"Area 7"
"1453","600-2013-150",2,"Area 7"
"1454","600-2014-168",3,"Area 7"
"1455","600-2012-168",3,"Area 7"
"1456","600-2011-187",2,"Area 7"
"1457","601-2012-152",2,"Area 7"
"1458","601-2014-153",3,"Area 7"
"1459","601-2013-150",2,"Area 7"
"1460","601-2014-170",3,"Area 7"
"1461","601-2013-168",3,"Area 7"
"1462","601-2013-182",4,"Area 7"
"1463","601-2011-187",2,"Area 7"
"1464","601-2011-164",1,"Area 7"
"1465","601-2014-185",4,"Area 7"
"1466","601-2014-168",4,"Area 7"
"1467","601-2012-168",2,"Area 7"
"1468","601-2012-184",2,"Area 7"
"1469","601-2011-150",1,"Area 7"
"1470","602-2014-153",1,"Area 7"
"1471","602-2013-168",3,"Area 7"
"1472","602-2014-185",2,"Area 7"
"1473","602-2012-152",2,"Area 7"
"1474","602-2011-164",1,"Area 7"
"1475","602-2014-168",2,"Area 7"
"1476","602-2013-182",4,"Area 7"
"1477","602-2011-150",1,"Area 7"
"1478","602-2013-150",2,"Area 7"
"1479","602-2011-187",2,"Area 7"
"1480","602-2012-184",1,"Area 7"
"1481","602-2014-170",3,"Area 7"
"1482","602-2012-168",2,"Area 7"
"1483","603-2014-170",4,"Area 7"
"1484","603-2014-185",4,"Area 7"
"1485","603-2014-153",1,"Area 7"
"1486","603-2012-184",2,"Area 7"
"1487","603-2013-182",5,"Area 7"
"1488","603-2011-150",2,"Area 7"
"1489","603-2013-150",2,"Area 7"
"1490","603-2012-168",3,"Area 7"
"1491","603-2012-152",3,"Area 7"
"1492","603-2014-168",3,"Area 7"
"1493","603-2011-187",3,"Area 7"
"1494","603-2013-168",3,"Area 7"
"1495","603-2011-164",3,"Area 7"
"1496","604-2012-152",3,"Area 7"
"1497","604-2014-185",3,"Area 7"
"1498","604-2014-170",5,"Area 7"
"1499","604-2013-150",1,"Area 7"
"1500","604-2011-187",3,"Area 7"
"1501","604-2014-153",3,"Area 7"
"1502","604-2014-168",4,"Area 7"
"1503","604-2012-168",4,"Area 7"
"1504","604-2013-168",2,"Area 7"
"1505","604-2013-182",5,"Area 7"
"1506","604-2011-150",2,"Area 7"
"1507","604-2011-164",2,"Area 7"
"1508","604-2012-184",2,"Area 7"
"1509","605-2012-152",5,"Area 7"
"1510","605-2014-170",3,"Area 7"
"1511","605-2013-168",3,"Area 7"
"1512","605-2012-168",4,"Area 7"
"1513","605-2011-187",2,"Area 7"
"1514","605-2014-153",3,"Area 7"
"1515","605-2014-168",5,"Area 7"
"1516","605-2014-185",4,"Area 7"
"1517","605-2013-150",3,"Area 7"
"1518","605-2013-182",5,"Area 7"
"1519","605-2011-164",1,"Area 7"
"1520","605-2011-150",3,"Area 7"
"1521","605-2012-184",5,"Area 7"
"1522","606-2013-168",3,"Area 7"
"1523","606-2014-153",2,"Area 7"
"1524","606-2014-185",4,"Area 7"
"1525","606-2014-170",3,"Area 7"
"1526","606-2011-187",3,"Area 7"
"1527","606-2013-150",3,"Area 7"
"1528","606-2012-152",3,"Area 7"
"1529","606-2012-168",3,"Area 7"
"1530","606-2011-164",2,"Area 7"
"1531","606-2012-184",6,"Area 7"
"1532","606-2014-168",6,"Area 7"
"1533","606-2013-182",3,"Area 7"
"1534","606-2011-150",3,"Area 7"
"1535","607-2013-168",3,"Area 7"
"1536","607-2012-168",3,"Area 7"
"1537","607-2014-168",3,"Area 7"
"1538","607-2014-154",2,"Area 7"
"1539","607-2012-152",2,"Area 7"
"1540","607-2011-187",3,"Area 7"
"1541","607-2013-150",3,"Area 7"
"1542","607-2013-182",1,"Area 7"
"1543","607-2012-184",4,"Area 7"
"1544","607-2014-170",6,"Area 7"
"1545","607-2014-185",4,"Area 7"
"1546","607-2011-164",2,"Area 7"
"1547","607-2011-150",4,"Area 7"
"1548","608-2012-184",2,"Area 7"
"1549","608-2013-150",2,"Area 7"
"1550","608-2011-150",1,"Area 7"
"1551","608-2014-168",1,"Area 7"
"1552","608-2012-152",3,"Area 7"
"1553","608-2012-168",2,"Area 7"
"1554","608-2013-168",3,"Area 7"
"1555","608-2014-154",2,"Area 7"
"1556","608-2011-164",2,"Area 7"
"1557","608-2013-182",5,"Area 7"
"1558","608-2011-187",3,"Area 7"
"1559","608-2014-185",4,"Area 7"
"1560","608-2014-170",3,"Area 7"
"1561","609-2012-184",4,"Area 7"
"1562","609-2012-152",2,"Area 7"
"1563","609-2013-168",2,"Area 7"
"1564","609-2011-150",2,"Area 7"
"1565","609-2012-168",4,"Area 7"
"1566","609-2013-182",2,"Area 7"
"1567","609-2013-150",5,"Area 7"
"1568","609-2011-187",2,"Area 7"
"1569","609-2011-164",1,"Area 7"
"1570","609-2014-170",5,"Area 7"
"1571","609-2014-185",3,"Area 7"
"1572","609-2014-154",0,"Area 7"
"1573","609-2014-168",3,"Area 7"
"1574","610-2011-164",1,"Area 7"
"1575","610-2011-150",4,"Area 7"
"1576","610-2012-152",3,"Area 7"
"1577","610-2011-187",4,"Area 7"
"1578","610-2014-170",3,"Area 7"
"1579","610-2014-185",6,"Area 7"
"1580","610-2014-154",3,"Area 7"
"1581","610-2013-150",4,"Area 7"
"1582","610-2013-168",2,"Area 7"
"1583","610-2013-182",3,"Area 7"
"1584","610-2014-168",4,"Area 7"
"1585","610-2012-184",4,"Area 7"
"1586","610-2012-168",5,"Area 7"
"1587","611-2012-152",3,"Area 7"
"1588","611-2014-185",8,"Area 7"
"1589","611-2014-154",2,"Area 7"
"1590","611-2012-184",6,"Area 7"
"1591","611-2013-182",3,"Area 7"
"1592","611-2014-168",4,"Area 7"
"1593","611-2012-168",3,"Area 7"
"1594","611-2011-164",1,"Area 7"
"1595","611-2014-170",5,"Area 7"
"1596","611-2011-150",3,"Area 7"
"1597","611-2013-168",4,"Area 7"
"1598","611-2013-150",3,"Area 7"
"1599","611-2011-187",4,"Area 7"
"1600","612-2011-187",2,"Area 7"
"1601","612-2012-184",5,"Area 7"
"1602","612-2012-152",1,"Area 7"
"1603","612-2014-170",4,"Area 7"
"1604","612-2013-182",3,"Area 7"
"1605","612-2014-154",2,"Area 7"
"1606","612-2012-168",4,"Area 7"
"1607","612-2011-164",2,"Area 7"
"1608","612-2014-185",4,"Area 7"
"1609","612-2011-150",2,"Area 7"
"1610","612-2013-150",2,"Area 7"
"1611","612-2013-168",3,"Area 7"
"1612","612-2014-168",4,"Area 7"
"1613","613-2013-168",2,"Area 7"
"1614","613-2012-184",4,"Area 7"
"1615","613-2011-164",3,"Area 7"
"1616","613-2011-187",4,"Area 7"
"1617","613-2013-182",4,"Area 7"
"1618","613-2013-150",2,"Area 7"
"1619","613-2014-170",3,"Area 7"
"1620","613-2012-152",3,"Area 7"
"1621","613-2011-150",3,"Area 7"
"1622","613-2012-168",3,"Area 7"
"1623","613-2014-185",3,"Area 7"
"1624","613-2014-168",5,"Area 7"
"1625","613-2014-154",4,"Area 7"
"1626","614-2012-152",1,"Area 7"
"1627","614-2012-184",3,"Area 7"
"1628","614-2013-150",2,"Area 7"
"1629","614-2013-182",1,"Area 7"
"1630","614-2014-154",2,"Area 7"
"1631","614-2014-185",4,"Area 7"
"1632","614-2014-170",4,"Area 7"
"1633","614-2014-168",4,"Area 7"
"1634","614-2011-187",2,"Area 7"
"1635","614-2013-168",1,"Area 7"
"1636","614-2011-150",1,"Area 7"
"1637","614-2011-164",3,"Area 7"
"1638","614-2012-168",4,"Area 7"
"1639","615-2012-151",3,"Area 27"
"1640","615-2014-171",5,"Area 27"
"1641","615-2012-181",3,"Area 27"
"1642","615-2014-160",2,"Area 27"
"1643","615-2013-180",3,"Area 27"
"1644","615-2011-186",3,"Area 27"
"1645","615-2014-188",3,"Area 27"
"1646","615-2014-172",3,"Area 27"
"1647","615-2013-166",3,"Area 27"
"1648","615-2012-166",2,"Area 27"
"1649","615-2011-158",0,"Area 27"
"1650","615-2013-149",0,"Area 27"
"1651","615-2011-165",2,"Area 27"
"1652","616-2011-165",3,"Area 27"
"1653","616-2013-180",3,"Area 27"
"1654","616-2014-160",4,"Area 27"
"1655","616-2014-172",3,"Area 27"
"1656","616-2014-171",3,"Area 27"
"1657","616-2012-151",3,"Area 27"
"1658","616-2011-158",2,"Area 27"
"1659","616-2011-186",3,"Area 27"
"1660","616-2013-149",1,"Area 27"
"1661","616-2014-188",3,"Area 27"
"1662","616-2012-166",3,"Area 27"
"1663","616-2012-181",6,"Area 27"
"1664","616-2013-166",6,"Area 27"
"1665","617-2012-166",3,"Area 27"
"1666","617-2013-180",4,"Area 27"
"1667","617-2011-186",2,"Area 27"
"1668","617-2013-149",2,"Area 27"
"1669","617-2011-158",1,"Area 27"
"1670","617-2012-181",6,"Area 27"
"1671","617-2013-166",5,"Area 27"
"1672","617-2011-165",3,"Area 27"
"1673","617-2014-160",3,"Area 27"
"1674","617-2014-172",5,"Area 27"
"1675","617-2014-188",3,"Area 27"
"1676","617-2012-151",3,"Area 27"
"1677","617-2014-171",4,"Area 27"
"1678","618-2014-160",3,"Area 27"
"1679","618-2011-186",3,"Area 27"
"1680","618-2011-158",2,"Area 27"
"1681","618-2014-188",4,"Area 27"
"1682","618-2013-180",3,"Area 27"
"1683","618-2011-165",3,"Area 27"
"1684","618-2014-171",5,"Area 27"
"1685","618-2012-151",3,"Area 27"
"1686","618-2013-166",3,"Area 27"
"1687","618-2012-166",4,"Area 27"
"1688","618-2013-149",2,"Area 27"
"1689","618-2014-172",3,"Area 27"
"1690","618-2012-181",5,"Area 27"
"1691","619-2014-188",4,"Area 27"
"1692","619-2014-172",3,"Area 27"
"1693","619-2013-149",1,"Area 27"
"1694","619-2013-180",3,"Area 27"
"1695","619-2011-186",2,"Area 27"
"1696","619-2013-166",6,"Area 27"
"1697","619-2011-165",2,"Area 27"
"1698","619-2014-171",5,"Area 27"
"1699","619-2012-181",4,"Area 27"
"1700","619-2014-160",4,"Area 27"
"1701","619-2012-166",3,"Area 27"
"1702","619-2012-151",3,"Area 27"
"1703","619-2011-158",2,"Area 27"
"1704","620-2014-171",3,"Area 27"
"1705","620-2014-172",2,"Area 27"
"1706","620-2011-186",2,"Area 27"
"1707","620-2012-181",4,"Area 27"
"1708","620-2011-158",3,"Area 27"
"1709","620-2012-166",3,"Area 27"
"1710","620-2013-180",4,"Area 27"
"1711","620-2014-188",2,"Area 27"
"1712","620-2013-149",1,"Area 27"
"1713","620-2014-160",2,"Area 27"
"1714","620-2013-166",3,"Area 27"
"1715","620-2011-165",2,"Area 27"
"1716","620-2012-151",3,"Area 27"
"1717","621-2012-182",5,"Area 27"
"1718","621-2012-166",3,"Area 27"
"1719","621-2013-166",3,"Area 27"
"1720","621-2014-171",5,"Area 27"
"1721","621-2011-165",2,"Area 27"
"1722","621-2011-186",2,"Area 27"
"1723","621-2014-188",5,"Area 27"
"1724","621-2013-180",4,"Area 27"
"1725","621-2013-149",3,"Area 27"
"1726","621-2014-162",2,"Area 27"
"1727","621-2012-151",4,"Area 27"
"1728","621-2011-158",0,"Area 27"
"1729","621-2014-172",4,"Area 27"
"1730","622-2011-186",0,"Area 27"
"1731","622-2013-166",3,"Area 27"
"1732","622-2011-158",3,"Area 27"
"1733","622-2012-182",2,"Area 27"
"1734","622-2012-151",2,"Area 27"
"1735","622-2013-149",2,"Area 27"
"1736","622-2011-165",2,"Area 27"
"1737","622-2012-171",3,"Area 27"
"1738","622-2013-180",3,"Area 27"
"1739","622-2014-188",5,"Area 27"
"1740","622-2014-162",4,"Area 27"
"1741","622-2014-171",4,"Area 27"
"1742","622-2014-172",5,"Area 27"
"1743","623-2014-172",3,"Area 27"
"1744","623-2011-186",2,"Area 27"
"1745","623-2014-188",5,"Area 27"
"1746","623-2012-182",4,"Area 27"
"1747","623-2011-158",2,"Area 27"
"1748","623-2013-166",4,"Area 27"
"1749","623-2013-149",1,"Area 27"
"1750","623-2014-171",5,"Area 27"
"1751","623-2013-180",4,"Area 27"
"1752","623-2012-171",6,"Area 27"
"1753","623-2012-151",3,"Area 27"
"1754","623-2014-162",4,"Area 27"
"1755","623-2011-165",2,"Area 27"
"1756","624-2013-166",3,"Area 27"
"1757","624-2012-166",3,"Area 27"
"1758","624-2012-182",4,"Area 27"
"1759","624-2014-171",3,"Area 27"
"1760","624-2014-172",4,"Area 27"
"1761","624-2011-165",3,"Area 27"
"1762","624-2013-149",4,"Area 27"
"1763","624-2011-158",2,"Area 27"
"1764","624-2013-180",3,"Area 27"
"1765","624-2011-186",2,"Area 27"
"1766","624-2014-188",5,"Area 27"
"1767","624-2012-151",3,"Area 27"
"1768","624-2014-160",2,"Area 27"
"1769","625-2011-158",1,"Area 27"
"1770","625-2013-166",2,"Area 27"
"1771","625-2014-171",3,"Area 27"
"1772","625-2012-181",2,"Area 27"
"1773","625-2014-160",2,"Area 27"
"1774","625-2014-172",3,"Area 27"
"1775","625-2012-166",3,"Area 27"
"1776","625-2012-151",2,"Area 27"
"1777","625-2011-186",2,"Area 27"
"1778","625-2013-149",2,"Area 27"
"1779","625-2014-188",4,"Area 27"
"1780","625-2011-165",1,"Area 27"
"1781","625-2013-180",4,"Area 27"
"1782","626-2012-181",2,"Area 27"
"1783","626-2014-171",3,"Area 27"
"1784","626-2011-165",2,"Area 27"
"1785","626-2011-158",0,"Area 27"
"1786","626-2014-172",3,"Area 27"
"1787","626-2014-188",3,"Area 27"
"1788","626-2012-151",5,"Area 27"
"1789","626-2013-166",5,"Area 27"
"1790","626-2011-186",4,"Area 27"
"1791","626-2013-149",3,"Area 27"
"1792","626-2012-166",3,"Area 27"
"1793","626-2014-160",2,"Area 27"
"1794","626-2013-180",3,"Area 27"
"1795","627-2011-186",3,"Area 27"
"1796","627-2014-172",4,"Area 27"
"1797","627-2014-188",3,"Area 27"
"1798","627-2014-162",3,"Area 27"
"1799","627-2013-180",3,"Area 27"
"1800","627-2013-149",1,"Area 27"
"1801","627-2011-165",2,"Area 27"
"1802","627-2013-166",3,"Area 27"
"1803","627-2012-182",2,"Area 27"
"1804","627-2011-158",2,"Area 27"
"1805","627-2012-151",3,"Area 27"
"1806","627-2014-171",3,"Area 27"
"1807","627-2012-171",4,"Area 27"
"1808","628-2014-172",3,"Area 27"
"1809","628-2014-160",1,"Area 27"
"1810","628-2014-171",2,"Area 27"
"1811","628-2012-182",1,"Area 27"
"1812","628-2011-158",0,"Area 27"
"1813","628-2013-149",1,"Area 27"
"1814","628-2011-165",2,"Area 27"
"1815","628-2013-166",2,"Area 27"
"1816","628-2011-186",2,"Area 27"
"1817","628-2014-188",3,"Area 27"
"1818","628-2012-151",2,"Area 27"
"1819","628-2012-171",2,"Area 27"
"1820","628-2013-180",3,"Area 27"
"1821","629-2011-181",0,"Area 41"
"1822","629-2014-182",0,"Area 41"
"1823","629-2013-149",0,"Area 41"
"1824","629-2011-153",0,"Area 41"
"1825","629-2013-180",0,"Area 41"
"1826","629-2014-157",0,"Area 41"
"1827","629-2014-167",2,"Area 41"
"1828","629-2012-185",2,"Area 41"
"1829","629-2012-166",0,"Area 41"
"1830","629-2014-169",0,"Area 41"
"1831","629-2013-166",0,"Area 41"
"1832","629-2011-171",1,"Area 41"
"1833","629-2012-151",0,"Area 41"
"1834","630-2013-149",0,"Area 41"
"1835","630-2014-169",0,"Area 41"
"1836","630-2014-157",1,"Area 41"
"1837","630-2012-151",0,"Area 41"
"1838","630-2014-182",0,"Area 41"
"1839","630-2011-153",0,"Area 41"
"1840","630-2012-166",0,"Area 41"
"1841","630-2014-167",0,"Area 41"
"1842","630-2012-185",0,"Area 41"
"1843","630-2013-166",0,"Area 41"
"1844","630-2011-171",0,"Area 41"
"1845","630-2013-180",1,"Area 41"
"1846","630-2011-181",0,"Area 41"
"1847","631-2014-167",1,"Area 41"
"1848","631-2013-149",0,"Area 41"
"1849","631-2013-166",2,"Area 41"
"1850","631-2012-151",1,"Area 41"
"1851","631-2014-169",1,"Area 41"
"1852","631-2014-182",0,"Area 41"
"1853","631-2011-153",0,"Area 41"
"1854","631-2011-171",0,"Area 41"
"1855","631-2014-157",2,"Area 41"
"1856","631-2011-181",0,"Area 41"
"1857","631-2012-185",0,"Area 41"
"1858","631-2012-166",1,"Area 41"
"1859","631-2013-180",2,"Area 41"
"1860","632-2014-167",1,"Area 41"
"1861","632-2014-169",0,"Area 41"
"1862","632-2013-166",0,"Area 41"
"1863","632-2011-170",0,"Area 41"
"1864","632-2014-182",0,"Area 41"
"1865","632-2013-149",1,"Area 41"
"1866","632-2011-153",0,"Area 41"
"1867","632-2012-166",0,"Area 41"
"1868","632-2012-152",1,"Area 41"
"1869","632-2011-181",2,"Area 41"
"1870","632-2012-185",2,"Area 41"
"1871","632-2014-157",0,"Area 41"
"1872","632-2013-180",1,"Area 41"
"1873","633-2011-153",1,"Area 41"
"1874","633-2014-167",2,"Area 41"
"1875","633-2012-166",1,"Area 41"
"1876","633-2014-157",2,"Area 41"
"1877","633-2013-166",1,"Area 41"
"1878","633-2011-170",0,"Area 41"
"1879","633-2013-149",0,"Area 41"
"1880","633-2012-152",1,"Area 41"
"1881","633-2011-181",1,"Area 41"
"1882","633-2014-169",1,"Area 41"
"1883","633-2012-185",2,"Area 41"
"1884","633-2013-180",0,"Area 41"
"1885","633-2014-182",1,"Area 41"
"1886","634-2011-153",1,"Area 41"
"1887","634-2012-185",4,"Area 41"
"1888","634-2014-167",1,"Area 41"
"1889","634-2012-166",4,"Area 41"
"1890","634-2013-166",2,"Area 41"
"1891","634-2011-170",1,"Area 41"
"1892","634-2012-152",3,"Area 41"
"1893","634-2011-181",1,"Area 41"
"1894","634-2014-169",4,"Area 41"
"1895","634-2014-182",3,"Area 41"
"1896","634-2013-180",3,"Area 41"
"1897","634-2014-157",1,"Area 41"
"1898","634-2013-149",1,"Area 41"
"1899","635-2012-185",3,"Area 41"
"1900","635-2013-180",7,"Area 41"
"1901","635-2011-153",3,"Area 41"
"1902","635-2014-167",3,"Area 41"
"1903","635-2012-151",4,"Area 41"
"1904","635-2014-182",5,"Area 41"
"1905","635-2012-166",4,"Area 41"
"1906","635-2011-170",2,"Area 41"
"1907","635-2014-169",6,"Area 41"
"1908","635-2013-149",2,"Area 41"
"1909","635-2011-181",1,"Area 41"
"1910","635-2013-166",4,"Area 41"
"1911","635-2014-157",2,"Area 41"
"1912","636-2011-153",1,"Area 41"
"1913","636-2011-181",1,"Area 41"
"1914","636-2012-185",3,"Area 41"
"1915","636-2014-182",3,"Area 41"
"1916","636-2012-166",3,"Area 41"
"1917","636-2014-167",4,"Area 41"
"1918","636-2013-166",2,"Area 41"
"1919","636-2014-169",4,"Area 41"
"1920","636-2012-151",2,"Area 41"
"1921","636-2013-149",2,"Area 41"
"1922","636-2013-180",5,"Area 41"
"1923","636-2011-171",1,"Area 41"
"1924","636-2014-157",3,"Area 41"
"1925","637-2011-153",1,"Area 41"
"1926","637-2012-166",1,"Area 41"
"1927","637-2011-181",1,"Area 41"
"1928","637-2014-169",2,"Area 41"
"1929","637-2014-182",1,"Area 41"
"1930","637-2012-185",3,"Area 41"
"1931","637-2013-166",2,"Area 41"
"1932","637-2012-151",2,"Area 41"
"1933","637-2011-170",2,"Area 41"
"1934","637-2014-167",3,"Area 41"
"1935","637-2013-180",5,"Area 41"
"1936","637-2014-157",2,"Area 41"
"1937","637-2013-149",1,"Area 41"
"1938","638-2013-151",1,"Area 41"
"1939","638-2011-181",1,"Area 41"
"1940","638-2013-169",3,"Area 41"
"1941","638-2012-166",1,"Area 41"
"1942","638-2014-182",2,"Area 41"
"1943","638-2012-185",2,"Area 41"
"1944","638-2014-167",5,"Area 41"
"1945","638-2011-153",2,"Area 41"
"1946","638-2013-190",3,"Area 41"
"1947","638-2012-152",1,"Area 41"
"1948","638-2014-157",3,"Area 41"
"1949","638-2011-170",0,"Area 41"
"1950","638-2014-169",3,"Area 41"
"1951","639-2012-152",1,"Area 41"
"1952","639-2011-153",1,"Area 41"
"1953","639-2012-185",3,"Area 41"
"1954","639-2013-169",3,"Area 41"
"1955","639-2011-181",2,"Area 41"
"1956","639-2013-151",3,"Area 41"
"1957","639-2014-157",4,"Area 41"
"1958","639-2013-190",4,"Area 41"
"1959","639-2014-182",3,"Area 41"
"1960","639-2014-167",3,"Area 41"
"1961","639-2014-169",4,"Area 41"
"1962","639-2011-171",2,"Area 41"
"1963","639-2012-166",3,"Area 41"
"1964","640-2013-169",3,"Area 41"
"1965","640-2014-157",2,"Area 41"
"1966","640-2014-169",5,"Area 41"
"1967","640-2012-166",3,"Area 41"
"1968","640-2011-181",2,"Area 41"
"1969","640-2012-185",4,"Area 41"
"1970","640-2014-182",4,"Area 41"
"1971","640-2011-170",2,"Area 41"
"1972","640-2014-167",5,"Area 41"
"1973","640-2012-152",2,"Area 41"
"1974","640-2013-190",2,"Area 41"
"1975","640-2013-151",2,"Area 41"
"1976","640-2011-153",2,"Area 41"
"1977","641-2012-185",2,"Area 41"
"1978","641-2012-166",3,"Area 41"
"1979","641-2014-158",3,"Area 41"
"1980","641-2014-169",4,"Area 41"
"1981","641-2014-182",3,"Area 41"
"1982","641-2014-167",4,"Area 41"
"1983","641-2011-170",1,"Area 41"
"1984","641-2011-153",1,"Area 41"
"1985","641-2011-181",1,"Area 41"
"1986","641-2013-169",5,"Area 41"
"1987","641-2013-151",1,"Area 41"
"1988","641-2012-152",1,"Area 41"
"1989","641-2013-190",2,"Area 41"
"1990","642-2014-158",4,"Area 41"
"1991","642-2014-167",4,"Area 41"
"1992","642-2013-151",0,"Area 41"
"1993","642-2011-153",1,"Area 41"
"1994","642-2012-152",1,"Area 41"
"1995","642-2011-181",1,"Area 41"
"1996","642-2012-185",2,"Area 41"
"1997","642-2013-169",5,"Area 41"
"1998","642-2014-169",4,"Area 41"
"1999","642-2012-166",2,"Area 41"
"2000","642-2014-182",2,"Area 41"
"2001","642-2011-170",2,"Area 41"
"2002","642-2013-190",1,"Area 41"
"2003","643-2013-149",3,"Area 27"
"2004","643-2011-165",4,"Area 27"
"2005","643-2011-186",2,"Area 27"
"2006","643-2012-182",1,"Area 27"
"2007","643-2012-151",2,"Area 27"
"2008","643-2014-172",2,"Area 27"
"2009","643-2014-188",3,"Area 27"
"2010","643-2014-160",2,"Area 27"
"2011","643-2011-158",3,"Area 27"
"2012","643-2012-171",3,"Area 27"
"2013","643-2013-180",4,"Area 27"
"2014","643-2013-166",2,"Area 27"
"2015","643-2014-171",4,"Area 27"
"2016","644-2014-190",1,"Area 58"
"2017","644-2013-183",2,"Area 58"
"2018","644-2014-175",1,"Area 58"
"2019","644-2012-154",2,"Area 58"
"2020","644-2011-157",2,"Area 58"
"2021","644-2013-168",1,"Area 58"
"2022","644-2014-173",3,"Area 58"
"2023","644-2011-193",2,"Area 58"
"2024","644-2011-168",1,"Area 58"
"2025","644-2014-155",2,"Area 58"
"2026","644-2012-170",1,"Area 58"
"2027","644-2012-181",2,"Area 58"
"2028","644-2013-150",4,"Area 58"
"2029","645-2012-170",3,"Area 58"
"2030","645-2013-183",2,"Area 58"
"2031","645-2013-150",2,"Area 58"
"2032","645-2011-157",2,"Area 58"
"2033","645-2012-154",2,"Area 58"
"2034","645-2011-168",2,"Area 58"
"2035","645-2013-168",3,"Area 58"
"2036","645-2014-173",3,"Area 58"
"2037","645-2011-193",2,"Area 58"
"2038","645-2014-155",3,"Area 58"
"2039","645-2014-175",2,"Area 58"
"2040","645-2014-190",2,"Area 58"
"2041","645-2012-181",2,"Area 58"
"2042","646-2011-157",3,"Area 58"
"2043","646-2013-183",1,"Area 58"
"2044","646-2013-150",0,"Area 58"
"2045","646-2012-154",1,"Area 58"
"2046","646-2011-168",1,"Area 58"
"2047","646-2013-168",2,"Area 58"
"2048","646-2014-173",1,"Area 58"
"2049","646-2011-193",4,"Area 58"
"2050","646-2014-155",2,"Area 58"
"2051","646-2012-170",3,"Area 58"
"2052","646-2014-175",1,"Area 58"
"2053","646-2014-190",2,"Area 58"
"2054","646-2012-181",3,"Area 58"
"2055","647-2011-168",2,"Area 58"
"2056","647-2013-183",1,"Area 58"
"2057","647-2013-150",1,"Area 58"
"2058","647-2014-190",2,"Area 58"
"2059","647-2012-154",2,"Area 58"
"2060","647-2011-193",2,"Area 58"
"2061","647-2011-157",2,"Area 58"
"2062","647-2013-168",3,"Area 58"
"2063","647-2014-173",2,"Area 58"
"2064","647-2014-155",1,"Area 58"
"2065","647-2012-170",3,"Area 58"
"2066","647-2014-175",1,"Area 58"
"2067","647-2012-181",2,"Area 58"
"2068","648-2014-175",4,"Area 58"
"2069","648-2013-183",3,"Area 58"
"2070","648-2013-150",1,"Area 58"
"2071","648-2012-181",2,"Area 58"
"2072","648-2012-154",4,"Area 58"
"2073","648-2011-193",2,"Area 58"
"2074","648-2011-157",3,"Area 58"
"2075","648-2013-168",7,"Area 58"
"2076","648-2014-173",3,"Area 58"
"2077","648-2014-155",2,"Area 58"
"2078","648-2012-170",3,"Area 58"
"2079","648-2014-190",3,"Area 58"
"2080","648-2011-168",3,"Area 58"
"2081","649-2013-183",2,"Area 58"
"2082","649-2013-150",0,"Area 58"
"2083","649-2012-181",2,"Area 58"
"2084","649-2012-154",4,"Area 58"
"2085","649-2011-168",1,"Area 58"
"2086","649-2013-168",9,"Area 58"
"2087","649-2014-173",2,"Area 58"
"2088","649-2011-193",2,"Area 58"
"2089","649-2014-155",3,"Area 58"
"2090","649-2012-170",5,"Area 58"
"2091","649-2014-175",2,"Area 58"
"2092","649-2014-190",2,"Area 58"
"2093","649-2011-157",2,"Area 58"
"2094","650-2011-168",2,"Area 58"
"2095","650-2012-170",2,"Area 58"
"2096","650-2013-150",5,"Area 58"
"2097","650-2014-175",4,"Area 58"
"2098","650-2014-190",6,"Area 58"
"2099","650-2011-193",3,"Area 58"
"2100","650-2014-155",5,"Area 58"
"2101","650-2014-173",3,"Area 58"
"2102","650-2013-183",4,"Area 58"
"2103","650-2012-181",2,"Area 58"
"2104","650-2011-157",2,"Area 58"
"2105","650-2013-169",2,"Area 58"
"2106","650-2012-154",3,"Area 58"
"2107","651-2011-157",3,"Area 58"
"2108","651-2013-168",4,"Area 58"
"2109","651-2014-173",4,"Area 58"
"2110","651-2011-193",4,"Area 58"
"2111","651-2012-170",5,"Area 58"
"2112","651-2014-175",3,"Area 58"
"2113","651-2014-190",4,"Area 58"
"2114","651-2014-155",4,"Area 58"
"2115","651-2013-183",2,"Area 58"
"2116","651-2013-150",3,"Area 58"
"2117","651-2012-181",3,"Area 58"
"2118","651-2011-168",2,"Area 58"
"2119","651-2012-154",2,"Area 58"
"2120","652-2011-157",3,"Area 58"
"2121","652-2013-168",1,"Area 58"
"2122","652-2014-173",3,"Area 58"
"2123","652-2014-155",3,"Area 58"
"2124","652-2012-170",1,"Area 58"
"2125","652-2014-175",0,"Area 58"
"2126","652-2014-190",1,"Area 58"
"2127","652-2011-168",2,"Area 58"
"2128","652-2013-183",2,"Area 58"
"2129","652-2013-150",1,"Area 58"
"2130","652-2012-181",2,"Area 58"
"2131","652-2012-154",2,"Area 58"
"2132","652-2011-193",3,"Area 58"
"2133","1201-2013-169",2,"Martin State Forest"
"2134","1201-2014-179",3,"Martin State Forest"
"2135","1201-2012-182",2,"Martin State Forest"
"2136","1201-2012-170",1,"Martin State Forest"
"2137","1201-2014-177",1,"Martin State Forest"
"2138","1201-2013-153",0,"Martin State Forest"
"2139","1201-2014-196",1,"Martin State Forest"
"2140","1201-2013-188",1,"Martin State Forest"
"2141","1201-2014-160",3,"Martin State Forest"
"2142","1201-2012-152",2,"Martin State Forest"
"2143","1202-2014-179",3,"Martin State Forest"
"2144","1202-2012-182",4,"Martin State Forest"
"2145","1202-2013-153",0,"Martin State Forest"
"2146","1202-2013-188",3,"Martin State Forest"
"2147","1202-2014-177",3,"Martin State Forest"
"2148","1202-2013-169",3,"Martin State Forest"
"2149","1202-2014-160",3,"Martin State Forest"
"2150","1202-2014-196",2,"Martin State Forest"
"2151","1202-2012-152",2,"Martin State Forest"
"2152","1202-2012-170",1,"Martin State Forest"
"2153","1203-2013-188",3,"Martin State Forest"
"2154","1203-2012-170",2,"Martin State Forest"
"2155","1203-2012-152",3,"Martin State Forest"
"2156","1203-2014-160",4,"Martin State Forest"
"2157","1203-2014-177",4,"Martin State Forest"
"2158","1203-2014-179",5,"Martin State Forest"
"2159","1203-2013-169",3,"Martin State Forest"
"2160","1203-2014-196",3,"Martin State Forest"
"2161","1203-2013-153",4,"Martin State Forest"
"2162","1203-2012-182",4,"Martin State Forest"
"2163","1204-2012-152",2,"Martin State Forest"
"2164","1204-2013-153",2,"Martin State Forest"
"2165","1204-2014-179",4,"Martin State Forest"
"2166","1204-2013-188",5,"Martin State Forest"
"2167","1204-2012-182",2,"Martin State Forest"
"2168","1204-2012-170",2,"Martin State Forest"
"2169","1204-2014-196",3,"Martin State Forest"
"2170","1204-2013-169",3,"Martin State Forest"
"2171","1204-2014-177",3,"Martin State Forest"
"2172","1204-2014-160",3,"Martin State Forest"
"2173","1205-2014-179",2,"Martin State Forest"
"2174","1205-2014-160",2,"Martin State Forest"
"2175","1205-2013-153",2,"Martin State Forest"
"2176","1205-2012-152",0,"Martin State Forest"
"2177","1205-2014-196",3,"Martin State Forest"
"2178","1205-2012-182",0,"Martin State Forest"
"2179","1205-2014-177",0,"Martin State Forest"
"2180","1205-2012-168",1,"Martin State Forest"
"2181","1205-2013-169",0,"Martin State Forest"
"2182","1205-2013-188",1,"Martin State Forest"
"2183","1206-2012-184",4,"Seed Tick"
"2184","1206-2012-172",4,"Seed Tick"
"2185","1206-2013-186",3,"Seed Tick"
"2186","1206-2014-169",2,"Seed Tick"
"2187","1206-2014-170",2,"Seed Tick"
"2188","1206-2014-185",3,"Seed Tick"
"2189","1206-2014-154",2,"Seed Tick"
"2190","1206-2013-154",0,"Seed Tick"
"2191","1206-2012-156",1,"Seed Tick"
"2192","1206-2013-170",1,"Seed Tick"
"2193","1207-2014-185",3,"Seed Tick"
"2194","1207-2013-186",5,"Seed Tick"
"2195","1207-2013-154",1,"Seed Tick"
"2196","1207-2012-172",4,"Seed Tick"
"2197","1207-2012-156",2,"Seed Tick"
"2198","1207-2014-169",3,"Seed Tick"
"2199","1207-2012-184",6,"Seed Tick"
"2200","1207-2013-170",1,"Seed Tick"
"2201","1207-2014-170",2,"Seed Tick"
"2202","1207-2014-154",2,"Seed Tick"
"2203","1208-2014-169",2,"Seed Tick"
"2204","1208-2012-172",2,"Seed Tick"
"2205","1208-2013-154",1,"Seed Tick"
"2206","1208-2013-170",0,"Seed Tick"
"2207","1208-2012-184",4,"Seed Tick"
"2208","1208-2012-156",1,"Seed Tick"
"2209","1208-2013-186",3,"Seed Tick"
"2210","1208-2014-154",4,"Seed Tick"
"2211","1208-2014-185",4,"Seed Tick"
"2212","1208-2014-170",2,"Seed Tick"
"2213","1209-2013-154",0,"Seed Tick"
"2214","1209-2012-172",3,"Seed Tick"
"2215","1209-2012-184",4,"Seed Tick"
"2216","1209-2014-185",1,"Seed Tick"
"2217","1209-2014-154",2,"Seed Tick"
"2218","1209-2012-156",2,"Seed Tick"
"2219","1209-2014-169",0,"Seed Tick"
"2220","1209-2013-170",0,"Seed Tick"
"2221","1209-2013-186",2,"Seed Tick"
"2222","1209-2014-170",1,"Seed Tick"
"2223","1210-2013-186",0,"Seed Tick"
"2224","1210-2013-154",1,"Seed Tick"
"2225","1210-2014-169",0,"Seed Tick"
"2226","1210-2014-170",1,"Seed Tick"
"2227","1210-2012-156",1,"Seed Tick"
"2228","1210-2012-172",1,"Seed Tick"
"2229","1210-2014-154",1,"Seed Tick"
"2230","1210-2014-185",2,"Seed Tick"
"2231","1210-2012-184",1,"Seed Tick"
"2232","1210-2013-170",0,"Seed Tick"
"2233","1211-2013-154",0,"Seed Tick"
"2234","1211-2013-170",1,"Seed Tick"
"2235","1211-2014-169",2,"Seed Tick"
"2236","1211-2013-186",2,"Seed Tick"
"2237","1211-2012-156",3,"Seed Tick"
"2238","1211-2014-154",2,"Seed Tick"
"2239","1211-2012-172",0,"Seed Tick"
"2240","1211-2014-185",4,"Seed Tick"
"2241","1211-2014-170",2,"Seed Tick"
"2242","1211-2012-184",1,"Seed Tick"
"2243","1212-2014-169",2,"Seed Tick"
"2244","1212-2014-170",2,"Seed Tick"
"2245","1212-2013-186",3,"Seed Tick"
"2246","1212-2013-170",0,"Seed Tick"
"2247","1212-2014-154",2,"Seed Tick"
"2248","1212-2012-184",1,"Seed Tick"
"2249","1212-2014-185",2,"Seed Tick"
"2250","1212-2013-154",0,"Seed Tick"
"2251","1212-2012-172",1,"Seed Tick"
"2252","1212-2012-156",3,"Seed Tick"
"2253","1213-2013-186",2,"Seed Tick"
"2254","1213-2014-154",2,"Seed Tick"
"2255","1213-2012-172",1,"Seed Tick"
"2256","1213-2013-170",1,"Seed Tick"
"2257","1213-2012-184",2,"Seed Tick"
"2258","1213-2014-170",3,"Seed Tick"
"2259","1213-2014-169",1,"Seed Tick"
"2260","1213-2014-185",3,"Seed Tick"
"2261","1213-2013-154",0,"Seed Tick"
"2262","1213-2012-156",2,"Seed Tick"
"2263","1214-2012-184",1,"Seed Tick"
"2264","1214-2013-170",2,"Seed Tick"
"2265","1214-2013-186",0,"Seed Tick"
"2266","1214-2014-185",3,"Seed Tick"
"2267","1214-2013-154",0,"Seed Tick"
"2268","1214-2014-154",1,"Seed Tick"
"2269","1214-2012-156",2,"Seed Tick"
"2270","1214-2014-170",1,"Seed Tick"
"2271","1214-2012-172",0,"Seed Tick"
"2272","1214-2014-169",2,"Seed Tick"
"2273","1215-2014-170",0,"Seed Tick"
"2274","1215-2012-156",2,"Seed Tick"
"2275","1215-2014-169",0,"Seed Tick"
"2276","1215-2014-185",1,"Seed Tick"
"2277","1215-2014-154",1,"Seed Tick"
"2278","1215-2012-172",1,"Seed Tick"
"2279","1215-2013-170",0,"Seed Tick"
"2280","1215-2013-186",0,"Seed Tick"
"2281","1215-2013-154",0,"Seed Tick"
"2282","1215-2012-184",1,"Seed Tick"
"2283","1216-2013-170",0,"Seed Tick"
"2284","1216-2014-185",1,"Seed Tick"
"2285","1216-2012-156",1,"Seed Tick"
"2286","1216-2012-172",1,"Seed Tick"
"2287","1216-2014-170",1,"Seed Tick"
"2288","1216-2013-186",0,"Seed Tick"
"2289","1216-2014-169",0,"Seed Tick"
"2290","1216-2014-154",1,"Seed Tick"
"2291","1216-2012-184",0,"Seed Tick"
"2292","1216-2013-154",0,"Seed Tick"
"2293","1217-2013-186",0,"Seed Tick"
"2294","1217-2013-170",1,"Seed Tick"
"2295","1217-2012-156",0,"Seed Tick"
"2296","1217-2012-172",1,"Seed Tick"
"2297","1217-2014-169",0,"Seed Tick"
"2298","1217-2014-185",1,"Seed Tick"
"2299","1217-2014-154",2,"Seed Tick"
"2300","1217-2012-184",1,"Seed Tick"
"2301","1217-2014-170",1,"Seed Tick"
"2302","1217-2013-154",0,"Seed Tick"
"2303","1218-2014-170",3,"Seed Tick"
"2304","1218-2012-156",3,"Seed Tick"
"2305","1218-2013-170",1,"Seed Tick"
"2306","1218-2013-154",0,"Seed Tick"
"2307","1218-2014-154",2,"Seed Tick"
"2308","1218-2013-186",2,"Seed Tick"
"2309","1218-2014-185",2,"Seed Tick"
"2310","1218-2012-172",2,"Seed Tick"
"2311","1218-2014-169",2,"Seed Tick"
"2312","1218-2012-184",1,"Seed Tick"
"2313","1224-2012-170",4,"McCormick's Creek"
"2314","1224-2014-197",4,"McCormick's Creek"
"2315","1224-2014-180",3,"McCormick's Creek"
"2316","1224-2013-150",2,"McCormick's Creek"
"2317","1224-2014-164",4,"McCormick's Creek"
"2318","1224-2013-183",6,"McCormick's Creek"
"2319","1224-2013-168",5,"McCormick's Creek"
"2320","1224-2014-178",4,"McCormick's Creek"
"2321","1224-2012-183",3,"McCormick's Creek"
"2322","1224-2012-154",2,"McCormick's Creek"
"2323","1225-2012-183",2,"McCormick's Creek"
"2324","1225-2014-178",5,"McCormick's Creek"
"2325","1225-2013-150",3,"McCormick's Creek"
"2326","1225-2014-164",4,"McCormick's Creek"
"2327","1225-2014-180",6,"McCormick's Creek"
"2328","1225-2012-154",1,"McCormick's Creek"
"2329","1225-2013-183",5,"McCormick's Creek"
"2330","1225-2014-197",5,"McCormick's Creek"
"2331","1225-2013-168",4,"McCormick's Creek"
"2332","1225-2012-170",5,"McCormick's Creek"
"2333","1226-2012-183",2,"McCormick's Creek"
"2334","1226-2014-164",4,"McCormick's Creek"
"2335","1226-2013-183",5,"McCormick's Creek"
"2336","1226-2014-180",3,"McCormick's Creek"
"2337","1226-2012-170",3,"McCormick's Creek"
"2338","1226-2013-150",2,"McCormick's Creek"
"2339","1226-2012-154",2,"McCormick's Creek"
"2340","1226-2013-168",2,"McCormick's Creek"
"2341","1226-2014-197",6,"McCormick's Creek"
"2342","1226-2014-178",3,"McCormick's Creek"
"2343","1227-2014-176",1,"Owen-Putnam State Forest"
"2344","1227-2012-183",3,"Owen-Putnam State Forest"
"2345","1227-2013-150",1,"Owen-Putnam State Forest"
"2346","1227-2014-162",4,"Owen-Putnam State Forest"
"2347","1227-2014-178",2,"Owen-Putnam State Forest"
"2348","1227-2013-183",4,"Owen-Putnam State Forest"
"2349","1227-2012-154",2,"Owen-Putnam State Forest"
"2350","1227-2014-194",2,"Owen-Putnam State Forest"
"2351","1227-2012-170",2,"Owen-Putnam State Forest"
"2352","1227-2013-168",3,"Owen-Putnam State Forest"
"2353","1228-2012-183",4,"Owen-Putnam State Forest"
"2354","1228-2014-176",1,"Owen-Putnam State Forest"
"2355","1228-2013-150",2,"Owen-Putnam State Forest"
"2356","1228-2014-194",0,"Owen-Putnam State Forest"
"2357","1228-2014-178",0,"Owen-Putnam State Forest"
"2358","1228-2013-183",2,"Owen-Putnam State Forest"
"2359","1228-2014-162",2,"Owen-Putnam State Forest"
"2360","1228-2012-170",1,"Owen-Putnam State Forest"
"2361","1228-2013-168",4,"Owen-Putnam State Forest"
"2362","1228-2012-154",2,"Owen-Putnam State Forest"
"2363","1229-2014-178",3,"Owen-Putnam State Forest"
"2364","1229-2012-183",3,"Owen-Putnam State Forest"
"2365","1229-2013-183",0,"Owen-Putnam State Forest"
"2366","1229-2014-194",2,"Owen-Putnam State Forest"
"2367","1229-2014-176",1,"Owen-Putnam State Forest"
"2368","1229-2012-154",3,"Owen-Putnam State Forest"
"2369","1229-2012-170",1,"Owen-Putnam State Forest"
"2370","1229-2013-150",3,"Owen-Putnam State Forest"
"2371","1229-2013-168",3,"Owen-Putnam State Forest"
"2372","1229-2014-162",2,"Owen-Putnam State Forest"
"2373","1230-2014-168",3,"Area 7"
"2374","1230-2014-170",3,"Area 7"
"2375","1230-2012-152",2,"Area 7"
"2376","1230-2013-182",5,"Area 7"
"2377","1230-2014-153",1,"Area 7"
"2378","1230-2012-184",4,"Area 7"
"2379","1230-2014-185",5,"Area 7"
"2380","1230-2012-168",4,"Area 7"
"2381","1230-2013-150",2,"Area 7"
"2382","1230-2013-168",2,"Area 7"
"2383","1231-2013-150",2,"Area 7"
"2384","1231-2012-152",2,"Area 7"
"2385","1231-2014-170",4,"Area 7"
"2386","1231-2013-168",3,"Area 7"
"2387","1231-2014-153",2,"Area 7"
"2388","1231-2014-185",3,"Area 7"
"2389","1231-2014-168",3,"Area 7"
"2390","1231-2012-168",3,"Area 7"
"2391","1231-2012-184",3,"Area 7"
"2392","1231-2013-182",3,"Area 7"
"2393","1232-2012-168",2,"Area 7"
"2394","1232-2013-182",1,"Area 7"
"2395","1232-2013-168",3,"Area 7"
"2396","1232-2014-170",2,"Area 7"
"2397","1232-2012-184",1,"Area 7"
"2398","1232-2012-152",2,"Area 7"
"2399","1232-2013-150",2,"Area 7"
"2400","1232-2014-168",3,"Area 7"
"2401","1232-2014-154",1,"Area 7"
"2402","1232-2014-185",4,"Area 7"
"2403","1233-2012-184",2,"Area 7"
"2404","1233-2014-170",3,"Area 7"
"2405","1233-2014-154",2,"Area 7"
"2406","1233-2014-185",3,"Area 7"
"2407","1233-2012-152",2,"Area 7"
"2408","1233-2013-168",3,"Area 7"
"2409","1233-2013-182",1,"Area 7"
"2410","1233-2012-168",4,"Area 7"
"2411","1233-2013-150",3,"Area 7"
"2412","1233-2014-168",3,"Area 7"
"2413","1234-2012-185",2,"Area 41"
"2414","1234-2012-151",2,"Area 41"
"2415","1234-2013-180",3,"Area 41"
"2416","1234-2014-182",1,"Area 41"
"2417","1234-2012-166",3,"Area 41"
"2418","1234-2013-149",2,"Area 41"
"2419","1234-2013-166",3,"Area 41"
"2420","1234-2014-167",3,"Area 41"
"2421","1234-2014-169",4,"Area 41"
"2422","1234-2014-157",2,"Area 41"
